MASTER P.O. LOG,,,,,,,,,,,
Updated as of:,,,,,,,,,                                                                                                                                                                                                                                                    ,,
,,,,,,,,,                                                                                                                                                                                                                                                    ,,
,,,,,,,,,,,
,,, ,,,,,,,,
PO#,DATE,TO,DESCRIPTION,JOB,DUE,RECEIVED,B/O,SHIP TO,COMMENTS,,
18721,5/21/2021,3A Composites,"QTY 5 Sheets- 62"" x 150"" 4mm Alucobond Plus Silver Metallic Cool",Union City Bart,"Wednesday, June 30, 2021",,,Shop Delivery,,,
19213,11/23/2021,3A Composites,"QTY 110 Sheets- 62"" x 196"" Alucobond Plus 4mm",Sunnyvale Civic Center,"Tuesday, February 01, 2022",RECEIVED,,Shop Delivery,,,
18415,2/5/2021,AAA Forklift,Forklift Repair and Maintenance,901 Cherry,,RECEIVED,,Shop Delivery,,,
19232,12/2/2021,ABC Supply Co.,Various QTY's of countersink material (Reveal Panel System/Cement Board),San Mateo Med Center,"Tuesday, December 07, 2021",,,Shop Delivery,,,
20618,6/21/2024,Access Hardware,Qty 12 HR-215-4 1/2 Hinge Supports,Omni Lab,,,,Shop Delivery,CE,,
18854,7/14/2021,Action Bullet Resistant,"QTY 1 Lite- 30 3/8"" x 78 3/4""- 1.60"" OA Thickness",SF Traffic,"Friday, September 03, 2021",,,Shop Delivery,,,
18580,3/30/2021,Acurlite Structural Skylights,QTY 4- Skylights per drawings,Sunnyvale Civic Center,"Thursday, June 10, 2021",,,Shop Delivery,,,
19695,6/13/2022,Advanced Metal,Qty 88 Coping Panels (Chocolate Bronze),Sunnyvale City Center,,,,Shop Delivery,CE,,
19813,11/29/2022,AGC IInterpane,"Qty x345, GL-01, GLT-01, GLT-01a, GL-02, GL-02a, GLT-02a, GL-03, GL-03a",BCC Milvia,"Tuesday, March 21, 2023",,,Shop Delivery,Paul Nasij PO's,,
19709,5/3/2022,Air Gas ,1 Miller TIG welder & welding rod ,Cal State Easdt Bay ,Wednesday May 4'2022 ,,,Will Call,Dan/Shop PO's,,
18633,4/20/2021,Airolite,"QTY 1 Louver- 15 1/2"" x 31 1/2""",Burlingame TI,"Friday, May 07, 2021",,,Shop Delivery,,,
18748,6/1/2021,Alco Supply,Various Window Cranks,SF COM,"Thursday, June 24, 2021",,,Shop Delivery,,,
20329,9/22/2023,Allied Technical Solutions (Trespa),Fabricated Trespa Panels,Evergreen Valley College,Feb-24,,,Shop Delivery,MP,,
20573,5/6/2024,Alpolic ,Qty 15 (4mm FR) Sheets 196X62 JBR Bronze,SMMC  ,,,,Shop Delivery,CE,,
20625,6/20/2024,AluFlam,fire rate system,Bechtel,"Tuesday, October 15, 2024",,,Shop Delivery,ms,,
21012,10/23/2024,American Insulation and Welding,5000 insulation hangers and 5000 washers,SMMC,"Friday, October 25, 2024",,,Shop Delivery,,,
20423,11/28/2023,American welding Products ,1 stud welder rental  PO closed no charge ,CCSF ,"Wensday December 6,2023",,,Shop Delivery,Dan/Shop PO's,,
18352,1/14/2021,Ameriform,"QTY 5 Panels- NOCOM Structural Floor/Roof-3/4"" x 4' x 8'",El Ceritto Bart,"Thursday, January 21, 2021",,,Shop Delivery,,,
18313,1/4/2021,AMWP,QTY 79 Pcs.- Aluminum Material,Westfield Eataly,"Tuesday, January 12, 2021",,,Shop Delivery,,,
19981,1/25/2023,Arc Printing,Drawings,901 Cherry,,Received,,Office Delivery,PS,,
18877,7/22/2021,Arcadia,Various QTY's of stock length material,Keyshight,"Monday, August 23, 2021",,,Shop Delivery,,,
18357,1/18/2021,Architectural Building Products,"QTY 18-Thermolite SE- 4' x 12' x 2"" OA w. 1"" return legs",Westfield Eataly,"Thursday, February 25, 2021",,,Shop Delivery,,,
20645,7/23/2024,Architectural Wall Systems,Engineering Services,SFO,"Thursday, August 15, 2024",,,,MC,,
20247,9/6/2023,Arconic Reynobond,71 Sheets at 196 x 62,GSE,"Monday, November 20, 2023",,,,Greg Sievers PO's,,
18323,1/6/2021,Automated Services & Products,"QTY 3 Doors- #001A, 001B, 1001C-Horton Sliders",John Muir PH,,RECEIVED,,Shop Delivery,,,
18408,2/2/2021,Ascent,QTY 1- Berner Air Curtain- #AC-1,10th Street,"Monday, March 01, 2021",,,Shop Delivery,,,
20519,2/1/2024,ASI,"Centria Metal panel CS600, 2,400sqf and clips",SCB,"Friday, November 01, 2024",,,Shop Delivery,Paul Nasij PO's,,
20281,6/17/2024,ASI - Fundermax,Shop Drawings and 10mm Wood Phenolic Panels,SSF Wellness,,,,Shop Delivery,Greg Sievers PO's,,
18385,1/25/2021,Assa Abloy,"QTY 4 Thresholds- 12"" x 96"" x 1/2 Saddle",Newark Civic Center,"Monday, February 08, 2021",,,Shop Delivery,,,
20836,9/25/2024,Associated Labs,NFRC Labels,CEE,"Thursday, October 10, 2024",,,Office Delivery,MS,,
18343,1/14/2021,Atlas Supply,QTY 15 Cases- 795 Bronze Sausage,SF Traffic,,RECEIVED,,Shop Delivery,,,
18435,2/11/2021,Automated Door Systems,Shop Drawings,Sutter Reclad,"Thursday, February 25, 2021",,,Shop Delivery,,,
19110,10/18/2021,Automatic Door Systems,QTY 1- ED-250 In Ground Operator,Hamlin School,"Monday, November 15, 2021",,,Shop Delivery,,,
20183,5/9/2024,AWMP,Tube Embeds,SFSU- West Campus,"Tuesday, May 23, 2023",,,Shop Delivery,,,
19702,4/22/2022,B h J ,Fastners pre spred sheet ,901 cherry ,"Tuesday, April 26, 2022",,,Shop Delivery,Dan/Shop PO's,,
19621,4/8/2022,BATS,Taffic Control ,GEN 50,"Thursday, April 14, 2022",,,Shop Delivery,PS,,
20181,26-Apr,Baker Metal,Fluted Panels,Bechtel,,,,Shop Delivery,,,
20170,3/23/2023,Bay City Screw and Bolt,Qty 200 - PH SS SMS screws for the B3 perf panels,901 Cherry,"Tuesday, April 04, 2023",,,,,,
18639,4/21/2021,Bayfab Metals,"QTY 3 Pcs- 1/4"" Aluminum Angle",10th Street,"Monday, April 26, 2021",,,Will Call,,,
19687,6/2/2022,Beacon,"Pecora DynaTred Sealant (9 kits), Color: London Fog",CC Bishop Ranch,"Tuesday, June 07, 2022",,,Shop Delivery,MP,,
20000,9/27/2022,Beacon ,"2 bowes of 12"" Grace foil face flashing ",901 Cherry ,"Wensday September 28,2022",,,Will Call,Dan/Shop PO's,,
18391,1/26/2021,Bendheim,"QTY 43 Lites- 1/2"" Temp/Lami Glass",Westfield Eataly,"Wednesday, April 07, 2021",,,Shop Delivery,,,
19616,4/5/2022,BHJ,Qty 9000 - #10 x 1 1/4 PH Wood Screws,Sunnyvale Civic Center,"Monday, April 11, 2022",,,Shop Delivery,CE,,
19710,5/4/2022,BHJ ,Elco Drill Flex Stock Order ,901 Cherry ,vairas dates ,,,Shop Delivery,Dan/Shop PO's,,
18316,1/5/2021,BHJ Bay City,"Various 1/4"" SS Lock washer, Flat Washer, Nut",Union City Bart,"Thursday, January 07, 2021",,,Shop Delivery,,,
20537,5/31/2024,BIGGE CRANE AND RIGGING CO,Crane rental,SCB,"Monday, June 10, 2024",,,Jobsite,Paul Nasij PO's,,
18513,3/10/2021,Blackwood,Centria Econolap Panels- Dove Gray,Genentech B50,"Thursday, May 13, 2021",,,Shop Delivery,,,
21033,11/20/2024,Bloom,Qty 2 Mirror MR701,Graton,"Thursday, December 05, 2024",,,Shop Delivery,MS,,
18919,8/5/2021,BOK Modern,"QTY 42 Panels- 3/16"" Green panels with holes",San Mateo Med Center,"Friday, September 24, 2021",,,Shop Delivery,,,
20188,5/15/2023,Botner,Qty 205 Embeds 2X2X12 HDG w/H4L MS Studs,City College San Francisco,,,,Shop Delivery,CE,,
18467,2/25/2021,Bron Tape,"QTY 10,000- Foam Blocks- 2"" x 4"" x 4""",Genentech B50,"Wednesday, March 03, 2021",,,Shop Delivery,,,
18494,3/4/2021,Byington Steel,"QTY 12 Sheets- 96"" x 48"" Fully Annealed Diamond Sheets",Union City Bart,"Monday, March 15, 2021",,,Shop Delivery,,,
19713,5/6/2022,CRL,Various horseshoe shims ,901 Cherry ,"Tuesday, May 10, 2022",,,Shop Delivery,Dan/Shop PO's,,
19592,5/27/2022,Cal Neva,"HDPE - Black Slip Pads: (16) 1/4"" thick ; (16) 1/8"" Thick ; (20) 1/16"" Thick",Stanford POD D,"Friday, July 01, 2022",Received,,Shop Delivery,Greg Sievers PO's,,
18905,8/3/2021,California Waterproofing Supply,"QTY 1- 5 Gallon Pail- GE Elemax 2600 Gray, QTY 1- 50' Roll SS Flashing",Sunnyvale Civic Center,"Friday, August 06, 2021",,,Will Call,,,
18607,4/13/2021,Cellotape,"QTY 45, 170, 110- Temp. NFRC Labels",CSUEB Library,"Wednesday, April 28, 2021",,,Shop Delivery,,,
18322,1/6/2021,Certified Enameling,QTY 106 Panels- Paint Release #3,Union City Bart,"Friday, January 22, 2021",,,Shop Delivery,,,
19969,1/24/2023,Coast Aluminum,MISC. Aluminum Angles ,901 Cherry,,Received,,Shop Delivery,PS,,
20244,8/9/2023,Coastline Steel,Steel T CW system,CEE,"Monday, July 01, 2024",,,Shop Delivery,MS,,
18817,7/1/2021,Colonial Saw,QTY 1 Saw Blade,Union City Bart,,RECEIVED,,Shop Delivery,,,
18582,3/30/2021,Contrasol Ltd.,QTY 10 Sunshades,Sunnyvale Civic Center,"Wednesday, July 21, 2021",,,Shop Delivery,,,
20931,10/9/2024,Cordstrap,4 boxes strap 1 box buckles ,CEE/EMU,"Monday Oct.7,2024",,,Shop Delivery,Dan/Shop PO's,,
19762,7/25/2022,CRL ,"40 rolls  3/8 X 3/8"" glaizing tape ",901  cherry ,Wensday July 27' 2022 ,,,Shop Delivery,Dan/Shop PO's,,
20556,1/23/2024,CS Group,Louvers,BEC,"Wednesday, June 05, 2024",,,Shop Delivery,ms,,
20003,10/4/2022,D.M. Figley,10 Boxes of Primmer C and soft ros ,901 Cherry ,"Thursday Oct.,62022 ",,,Shop Delivery,Dan/Shop PO's,,
20862,9/16/2024,D&L Transport,Freight Delivery,SSF Wellness,,,,,Greg Sievers PO's,,
19122,10/20/2021,Dolans of Concord,Quote#604- Series 530-T- Class I Black Anodized Fleetwood Doors,Hamlin School,"Thursday, March 24, 2022",,,Shop Delivery,,,
19814,12/8/2022,Doors & Windows West,Qty x6 doors,BCC Milvia,,,,,Paul Nasij PO's,,
19865,7/19/2022,Dura Industries,Qty 219 pcs painted Chocolate Bronze - Sill Trims & Canopy Flashings,Sunnyvale City Center,,,,Shop Delivery,CE  ,,
18712,5/14/2021,Durain Industries,QTY 86 Pcs- Cherrymith Panels to be painted,Westfield Eataly,"Monday, May 24, 2021",,,Shop Delivery,,,
20252,10/31/2023,Eastern Metal Supply (EMS),"Qty. 27 Rectangular Tubes (1"" x 5"") and Qty. 7 S/L of Aluminum Channel",GSE,,Received,,Shop Delivery,Greg Sievers PO's,,
18576,3/29/2021,EFCO,Release #1- Q#22-0105 Dated 03/09/21,Stanford POD D,"Tuesday, June 01, 2021",,some material on BACK ORDER per packing slip ,Shop Delivery,,,
20448,116/2024,Elumatec ,1 replacment suction hose ,Stanford GSE ,"Monday Janaury 22,2024",,,Shop Delivery,Dan/Shop PO's,,
19849,10/4/2023,ELward,"MP-4, MP-6 aluminum panels",SCB,,,,Shop Delivery,Paul Nasij PO's,,
19809,10/7/2022,Fast Signs,Qtyx3 Sample stickers,Sunnyvale Civic Center,"Friday, October 14, 2022",Received,,Office Delivery,Paul Nasij PO's,,
19593,6/6/2022,Fastenal,Bushings,Stanford POD D,"Friday, July 15, 2022",Received,,Shop Delivery,Greg Sievers PO's,,
18805,6/28/2021,FHC,"QTY 1- 1 1/4"" Handrail Bracket",Intuit,"Friday, July 16, 2021",,,Shop Delivery,,,
18335,1/12/2021,FireWise Consultants,Service and Support for Firestopping Systems,CSUEB Library,"Monday, March 01, 2021",,,Testing,,,
20767,8/12/2024,Fleetwood,Sliders,CEE,"Monday, February 12, 2024",,,Shop Delivery,MS,,
19671,5/12/2022,Four C's Construction,80LF of Sheet Metal Coping - materials and installation at EOC,Sunnyvale Civic Center,,,,,CE,,
21034,11/20/2024,Frame it for Less,MR700 Mirror - Qty 2,Graton,"Thursday, December 05, 2024",,,Shop Delivery,ms,,
20315,8/30/2023,G&G Risk Management Consultants,Onsite full time safety professional services,SC Behavioral,OCT 2023 - JAN 2025,,,,MP,,
19031,9/13/2021,Garibaldi Glass,"QTY 1- 58 5/16"" x 149 5/16""- 1 5/8"" OA- LAMI/IGU",SFCOM,"Wednesday, October 20, 2021",,,Shop Delivery,,,
19619,4/6/2022,General Metals,CLT Brackets-B2 (R1) B3 (Complete) + MISC Steel Shims QTY 250,901 Cherry ,"Thursday, April 07, 2022",,,Shop Delivery,PS,,
21043,12/11/2024,GGG,NBK Materials,SQRC,"Friday, January 10, 2025",,,Shop Delivery,MS,,
20223,6/8/2023,GGI Glass ,Art Glass ,UCSF - Art Glass ,"Tuesday, August 08, 2023",,,Shop Delivery,BG,,
19251,12/7/2021,Glass Fab,"QTY 2 Lites- 1/4"" bronze Tempered",Keysight,,RECEIVED,,Will Call,,,
19564,5/4/2022,GlassFab,"Qty x26 11/16"" FT SGP LAMINATED GLASS",Bay Street,"Thursday, May 26, 2022",Received,,Shop Delivery,Paul Nasij PO's,,
18358,1/18/2021,Glasswerks,"QTY 102 Lites- GL1, QTY 16 Lites- GL1T, QTY 6 Lites, GL2",Sutter Reclad,"Monday, February 08, 2021",,,Shop Delivery,,,
20361,12/15/2023,Golden Gate Glass,SBE for Morin Panels,SFSU,,,,,MS,,
20148,8/11/2023,Gordon Aluminum,New Dies: GSE01 and GSE02,GSE,,,,Office Delivery,Greg Sievers PO's,,
18614,4/13/2021,Grainger,QTY 20- Smoke & Acoustical Caulk-20 oz. Tube,Genentech B50,,RECEIVED,,Shop Delivery,,,
20359,12/12/2023,Greenlite,Skylight,CEE,"Monday, July 15, 2024",,,Shop Delivery,MS,,
20562,4/24/2024,Griggs Systems,"Prodema 6"" Wood Panels with Black Hat Channels",SMMC - Mock up,"Wednesday, June 05, 2024",,,Shop Delivery,CE,,
19678,19678,Halfen (Leviat),Halfen Bolts,901 Cherry,"Monday, May 23, 2022",,,Shop Delivery,PS,,
20456,2/6/2024,Hanson Rivet ,1 14 volt battery and charger ,evergreen Collage ,"monday Febuary 12,2024",,,Shop Delivery,Dan/Shop PO's,,
20721,7/24/2024,Harrison & Bonini ,"2 boxes of derill flex 1/4 X 20 X 21/2"" ",SCB,"Wensday July 24,2024",,,Will Call,Dan/Shop PO's,,
18821,7/1/2021,HG Adhesive Dispensing,QTY 1- Rental Agreement for 983 Pump,SVCC/901 Cherry,"Wednesday, December 01, 2021",,,Shop Delivery,,,
18327,1/11/2021,Hilti,"QTY 3,000- HUS-EZ 1/4"" x 1 7/8"" Anchors",SF Traffic,"Wednesday, January 13, 2021",recevied 1300 pcs ,,Shop Delivery,,,
18638,4/21/2021,Hydro,QTY 6 S/L- SV1 and SV2,Sunnyvale Civic Center,"Tuesday, June 29, 2021",,,Shop Delivery,,,
20221,6/6/2023,Insulgard Security Products,"Ballistic framing and glazing systems, (2) doors/hardware",German Consulate,,,,Shop Delivery,MP,,
18345,1/14/2021,Intertek,Curtain Wall Computer Simulation,901 Cherry,"Monday, February 15, 2021",,,Testing,,,
20961,11/11/2024,J D Edoes ,983 catalist wipper gaskets ,SCb,"Monday Nov.4,2024",,,Shop Delivery,Dan/Shop PO's,,
20728,8/7/2024,J Stone Promations ,C/S Erectors safty vests ,Stanfors /CCSF ,"Friday, August 16, 2024",,,Shop Delivery,Dan/Shop PO's,,
19058,9/28/2021,J. Dedoes Inc.,"Black Wiper, White Wiper, O-Ring",Sunnyvale Civic Center,"Wednesday, October 20, 2021",,,Shop Delivery,,,
20297,8/14/2024,JBI,(4) Wood Frames for NFRC and Mock up,SSF Wellness,,,,Shop Delivery,Greg Sievers PO's,,
20917,9/25/2024,JDedoes,983 pump seals ,CCE/EMU ,"Monday September 33,2024",,,Shop Delivery,Dan/Shop PO's,,
20323,9/19/2023,Jordahl,Embed tracks Qty 9,SFSU,,,,,MS,,
20175,4-Apr,JR Butler,SFSU Glazing system,SFSU,"Wednesday, November 01, 2023",,,Shop Delivery,MS,,
20404,10/24/2023,J-Stone ent.,C/S Safety vests ,SCB,"Monday, November 06, 2023",,,Shop Delivery,Dan/Shop PO's,,
20334,10/11/2023,Katia Griggs,Knightwall ThermaZee Girts,SFSU,"Friday, December 01, 2023",,,Shop Delivery,MS,,
18360,1/19/2021,Kawneer,"QTY 4-#820309, QTY 4-#820317, QTY 4-#821861",Westfield Eataly,"Monday, February 08, 2021",,,Shop Delivery,SO#987490E,,
19696,6/13/2022,Kawneer,UCDH PS5 Storefront ,UCDH PS 5 ,"Tuesday, November 01, 2022",,,Shop Delivery,BG,,
19003,9/1/2021,Kinetics Resource,Bird Screen,901 Cherry,"Tuesday, September 21, 2021",,,Shop Delivery,,,
20299,8/21/2024,Knight Wall,Mock up Subgirt Material,SSF Wellness,,,,Shop Delivery,Greg Sievers PO's,,
18824,7/1/2021,Koch Inc.,QTY 100- Morseal Mixer Tips,CSUEB Library,"Friday, July 09, 2021",,,Shop Delivery,,,
20070,6/27/2023,Kocthe ,983 pump service ,SCB-Mock-up,"Friday, July 07, 2023",,,Will Call,Dan/Shop PO's,,
19845,9/25/2023,Landmark Labels,NFRC- Temp Labels- Qty 769,SCB,"Tuesday, October 10, 2023",RECEIVED,,Shop Delivery,Paul Nasij PO's,,
20152,2/28/2023,LaVoy Architectural,Paint 19 misc pieces for roof gates - Dove Gray,San Mateo Medical Center,,,,Will Call,CE,,
18772,6/10/2021,Leviat,Various QTY's Embeds,Sunnyvale Civic Center,,RECEIVED,,Shop Delivery,,,
20846,10/22/2024,Leviat (Halfen),Embeds (770) and Tbolts/nuts/washers (1350),SQRC,"Friday, November 22, 2024",,,,,,
20257,1/24/2024,Linetec,Extrusion and End Cap Painted Material,GSE,"Friday, March 15, 2024",,,Shop Delivery,Greg Sievers PO's,,
19732,5/20/2022,Lowerys ,4 rolls of grace ultra  1 pail of primer plus ,901 Cherry ,"Friday, May 20, 2022",,,Shop Delivery,Dan/Shop PO's,,
20685,6/12/2024,Lowerys/Beacon ,"12 rolls 12"" foil face ",SFSU#2,"Wensday June 12,2024",,,Will Call,Dan/Shop PO's,,
19861,7/22/2022,Lowry's,PAB VPS (10) Rolls,901 Cherry,"Monday, August 15, 2022",,,Will Call,PS,,
18351,1/14/2021,Lowry's Inc,QTY 20 Rolls- Grace VPS,Genentech B50,,RECEIVED,,Shop Delivery,,,
20810,8/13/2024,Martin Metals,SS gutters for apt canopies,SFSU B1,"Thursday, August 15, 2024",,,Will Call,ms,,
18602,4/12/2021,McGrory Glass,"QTY 21 Pcs- 7/16"" Annealed Lami",Sunnyvale Civic Center,"Friday, July 09, 2021",,,Shop Delivery,,,
18945,8/17/2021,McMaster Carr,QTY 2 Packs- 18-8 Stainless Steel Cup Point Set Screw,Marin General HRB,"Thursday, August 19, 2021",,,Shop Delivery,,,
20750,9/6/2024,Midwest Fasteners,"8 boxes 3.5"" insulation pins ",SCB,"Wensday September 11,2024",,,Shop Delivery,Dan/Shop PO's,,
19734,5/26/2022,Midwest Fasteners,Sure Shoot II stud welder ,901 Cherry ,"Monday, June 06, 2022",,,Shop Delivery,Dan/Shop PO's,,
20879,10/24/2024,Miller Clapperton,Equitone Mock Up Panels,SSF Wellness,"Monday, December 30, 2024",,,Shop Delivery,Greg Sievers PO's,,
18868,7/21/2021,Morin,Booking PO-Dove Gray Panels,Stanford POD D,"Friday, October 01, 2021",,,Shop Delivery,,,
20184,15-May,Morin Paint,Touch up paint for 901 Cherry,901 Cherry,"Friday, May 26, 2023",,,Shop Delivery,,,
20284,6/24/2024,Mull it Over,(10) Mull it Over verticals with gaskets,GSE,,,,Shop Delivery,Greg Sievers PO's,,
20339,31-Oct,Mull-it-Over,Mullion Cover,SFSU,"Thursday, November 30, 2023",,,Shop Delivery,MS,,
18696,5/10/2021,Nanawall,QTY 1- Cover Plate for Dorma BTS 80,SF COM,,RECEIVED,,Shop Delivery,,,
19407,2/10/2022,Nanochem Technologies,Various items for ADS touch up paint,901 Cherry,,RECEIVED,,Shop Delivery,,,
20106,12/8/2022,Naylor Steel,"Qty. (6) - 1.5"" x 1.5"" x 1/8"" @ 120"" Steel Angle",Intuit ,"Thursday, December 08, 2022",,,Will Call,Greg Sievers PO's,,
20023,12/6/2022,Naylor Steel,"1 - 8' pc of 3/4"" pipe ",Ferry Buliding ,"Wednesday, December 07, 2022",,,Will Call,Dan/Shop PO's,,
19093,10/11/2021,NBK,"Shop Drawings, Mockup Release",Santa Clara Behavioral,"Friday, January 15, 2021",,,Shop Delivery,,,
19733,,Nelson Stud Welding,Insulition pin stud welder for shop use ,901 Cherry ,rental / weekly ,,,Shop Delivery,Dan/Shop PO's,,
20623,6/17/2024,NWI,Bechtel Glass - Final Order,Bechtel,"Thursday, August 01, 2024",,,Shop Delivery,MS,,
18325,1/7/2021,Oldcastle Building Envelope,"QTY 1 Door- Rework- Cutdown 3/4"" width",Newark Civic Center,,RECEIVED,,Shop Delivery,,,
18811,6/29/2021,Olmar Supply,"QTY 4000 LF- 6"", QTY 4000 LF- 6 1/4""- 10 Ga. Studs",Sunnyvale Civic Center,"Friday, July 16, 2021",,,Shop Delivery,,,
18406,2/1/2021,Oneto,QTY 3 Pcs- 22 Ga. #4 Finish Splices,Sutter Reclad,,RECEIVED,,Will Call,,,
20565,3/6/2024,Owens Corning,"RainBarrier Dark (9) pallets 24"" x 48"" x 2""",SMMC,,,,Shop Delivery,CE,,
20239,7/28/2023,Panda Doors,Qty 2 sliders,Congregation Emanu-El,"Monday, January 01, 2024",,,Shop Delivery,MS,,
19337,1/18/2022,Paradigm Structural Engineers,Evaluate 2nd and 4th floors for spyder cranes,Intuit,,RECEIVED,,Shop Delivery,,,
21042,12/3/2024,Paradise Doors,SQRC Door Package,SQRC,"Thursday, August 07, 2025",,,Shop Delivery,MS,,
19595,8/5/2022,Paramount Extrusions,Tooling of New Die,HOTEL PRESIDENT,"Friday, August 26, 2022",Received,,,Greg Sievers PO's,,
19394,2/4/2022,PCI,Install Hilti Firestopping Spray,Sunnyvale Civic Center,"Thursday, February 10, 2022",,,Jobsite,,,
20409,11/6/2023,PCS,Dewalt tool stockorder ,SCB,"Friday, November 10, 2023",,,Shop Delivery,Dan/Shop PO's,,
18962,8/19/2021,PDM Steel,"QTY 1- 14"" x 4"" x 1/4"" HS Tubing",CSUEB Library,"Thursday, August 26, 2021",,,Shop Delivery,,,
20528,4/23/2024,Penhall COmpany,Concrete Scanning - Parking Garage- Green screen,SCB,"Monday, May 06, 2024",,,Jobsite,Paul Nasij PO's,,
18476,2/26/2021,PK DELP,Structural Engineering,Sunnyvale Civic Center,,RECEIVED,,Testing,,,
20517,1/17/2024,PKDELP Structural Engineering,Structural Engineering of Timber CW,SSF Wellness Center,,,,Office Delivery,Paul Nasij PO's  - FOR Mina Nasij,,
18426,2/10/2021,POHL,"QTY 10 Column Panels- Mill Finish .125"" Aluminum with Braces",10th Street,"Friday, March 05, 2021",,,Shop Delivery,,,
18636,4/15/2021,Priority Roofing Solutions,QTY 19 Ea.- Crush Sleeves,Westfield Eataly,"Friday, April 23, 2021",,,Shop Delivery,,,
20620,6/26/2024,Prodema Parklex,10mm Rustik Panels + Furring ,SMMC,,,,Shop Delivery,CE,,
18566,3/25/2021,Prodema USA,"QTY 2700- Clips Mills, QTY 3000- Clip Screws",Westfield Eataly,"Monday, April 05, 2021",,,Shop Delivery,,,
19485,3/11/2022,Pulp Studio,"QTY 15 Lites- 9/16"" Low Iron Frosted Lami",One Beach Street,"Friday, April 08, 2022",,,Shop Delivery,,,
18370,1/20/2021,Pulp Studios,"QTY 6 Lites- GL2- 9/16"" Acid Etch Lami",John Muir PH,"Monday, March 01, 2021",,,Shop Delivery,,,
19428,2/18/2022,QC Facades,QTY 11 Panles- Panel Portion Remakes,Burlingame TI,"Friday, March 25, 2022",,,Shop Delivery,,,
18331,1/11/2021,QickServ,QTY 2- Custom Single Slider Window,John Muir PH,"Monday, March 01, 2021",,,Shop Delivery,,,
18781,6/15/2021,Qualified Hardware,QTY 2- Center Hung Rixson Pivot Set,Uptown Station,,RECEIVED,,Shop Delivery,,,
19480,3/4/2022,Raco Interiors,QTY 2- 6' x 4' Bronze Ano. Frames,San Mateo Med Center,"Friday, April 15, 2022",,,Shop Delivery,,,
20182,4/28/2023,Raise Engineering,Bechtel eng.,Bechtel,,,,,,,
20974,11/19/2024,red-D-Arc welding ,smoke hog rental ,SFO-itb,"Monday Nov.4,2024",,,Shop Delivery,Dan/Shop PO's,,
18363,1/19/2021,Reveal Windows & Doors,Timber Curtain Wall System,Sunnyvale Civic Center,"Monday, September 13, 2021",,,Shop Delivery,,,
19879,8/11/2022,Rieder North America,Stone Panel Anchors,901 Cherry,"Thursday, August 25, 2022",,,Shop Delivery,PS,,
18466,2/25/2021,Ryerson,"QTY 4 Pcs- 192"" x 48"", QTY 12 Pcs- 96"" x 48""- .250 Alum Diamond Plate",Union City Bart,"Wednesday, March 03, 2021",,,Shop Delivery,,,
18629,4/19/2021,Sadev,Various QTY's of Classic Series S300 Spider Fittings,Genentech B50,"Thursday, May 06, 2021",,,Shop Delivery,,,
19912,10/7/2022,SAF West,"Anodized Allum Sheet 48""x 144"" .040",901 Cherry,,,,Shop Delivery,PS,,
19926,10/17/2022,Safelite ,Windshield Replacement - CSE account,Expense,,,,Office Delivery,CE,,
20934,10/15/2024,Service  Partners ,foil tape & insulation washers ,SCB,"Monday Oct.7,2024",,,Shop Delivery,Dan/Shop PO's,,
20876,10/17/2024,Shape Architectural,ACM Panels - VMU for SSF Wellness,SSF Wellness,"Monday, December 02, 2024",,,Shop Delivery,Greg Sievers PO's,,
19660,4/26/2022,Skyline Design ,QTY 11 Art Glass Panels - MED A ,Kaiser Pleasanton - Art Glass ,"Tuesday, July 05, 2022",,,Shop Delivery,BG,,
20726,8/7/2024,SL Air Gas ,welding jackets & gloves ,Bechtel ,"Wensday August 8,2024",,,Will Call,Dan/Shop PO's,,
19113,10/18/2021,Smalley & Company,QTY 10 cases- 756 Black Sausage,901 Cherry,"Friday, October 22, 2021",,,Shop Delivery,,,
19342,1/19/2022,Smiley Lift Solutions,Spydercrane Rental,Intuit,"Wednesday, January 26, 2022",,,Jobsite,,,
18729,5/25/2021,Smith-Emery Laboratories,Test Chamber and Mockup Test,901 Cherry,"Thursday, September 16, 2021",,,Testing,,,
18984,8/27/2021,Stanley,"QTY 1000- 1/32"" x 3"" x 4"" Horseshoe",CSUEB Library,"Wednesday, September 01, 2021",,,Shop Delivery,,,
19135,10/25/2021,Stanley Access Technology,"QTY 2- DuroGlide Greenstart 2000 Series, QTY 1- 3000 Series",CSUEB Library,"Wednesday, December 15, 2021",,,Shop Delivery,,,
20301,8/24/2023,Steve Heck,Mockup Sill Pan,SFSU,"Friday, August 25, 2023",,,Shop Delivery,MS,,
19264,12/13/2021,Stuart Dean,Stainless Oxidized Material for level 10,One Beach Street,"Thursday, January 13, 2022",,,Shop Delivery,,,
18572,3/26/2021,Stud Welding Products,"QTY 3000- Mini Cup Heads 12 GA. X 3""",CSUEB Library,"Wednesday, April 07, 2021",,,Shop Delivery,,,
20332,10/9/2023,TAP Plastics,Deadload Shims,SFSU,"Saturday, October 14, 2023",,,Shop Delivery,MS,,
19517,3/22/2022,TGP,QTY 6- Aluminum Series Frames,Stanford POD D,"Wednesday, June 22, 2022",Received,,Shop Delivery,,,
19841,9/15/2023,TGP - Technical Glass Products,SCB-Fire rated door - 1PST03AB- HW Group 190,SCB,"Thursday, May 02, 2024",RECEIVED,,Shop Delivery,Paul Nasij PO's,,
19894,11/3/2022,The TintWorks,Decorative Film and installation.  2 types,San Mateo Medical Center,,,,Jobsite,CE,,
18396,1/27/2021,Thermafiber,"QTY 515 Pcs- 36"" x 60"" x 2""- Rainbarrier 45",Genentech B50,"Friday, March 19, 2021",,,Shop Delivery,,,
20615,6/6/2024,Tintworks,Procure and install glazing film,SMMC,,,,Jobsite,CE,,
20110,1/12/2023,Tnemec,Series 90-97 Primer - 1 Gallon Kit and Thinner,Intuit ,"Friday, January 13, 2023",Tuesday January 17 2023,,Shop Delivery,Greg Sievers PO's,,
20501,10/16/2023,Tnemec,Tnemec 94-H2O Primer,SCB,"Friday, October 20, 2023",Received,,Shop Delivery,Paul Nasij PO's,,
19348,1/20/2022,Top Gun Finishing,QTY 77 Pcs- Various Material- UC106709XL Chocolate Bronze,Sunnyvale Civic Center,"Friday, January 28, 2022",,,Shop Delivery,,,
20526,3/29/2024,Tournesol Siteworks,Greenscreen,SCB,,,,,Paul Nasij PO's,,
18455,2/23/2021,Trademark Hardware,"QTY 1- 84"" x 12"" Flat Utility Threshold",Newark Civic Center,,Canceled,,Shop Delivery,,,
18859,7/16/2021,Tremco,70D EPDM Rainscreen Gasket,901 Cherry,"Tuesday, September 07, 2021",,,Shop Delivery,,,
20694,6/17/2024,Tri Valley Tire ,4 new tires ,Eddies truck ,"Monday, June 17, 2024",,,Shop Delivery,Dan/Shop PO's,,
19960,12/22/2022,Troyer,ADA Push Buttons (2),One Beach,,,,,MP,,
18670,5/4/2021,Tru-Form,QTY 3 Panels-SS Base Panel #302C,Union City Bart,"Monday, May 10, 2021",,,Shop Delivery,,,
18718,5/19/2021,U-Line,"Various Material for Office- Hand Sanitizer, Masks, Wipes",Office Supplies,,RECEIVED,,Shop Delivery,,,
18431,2/10/2021,Uneac Fasteners,Fasteners per Sean,Sierra College Parking,,RECEIVED,,Will Call,,,
20108,12/20/2022,Unicel Architectural,#NAME?,Pod D,,Received,,Shop Delivery,Greg Sievers PO's,,
20073,6/30/2023,United Rentals ,10K forklift rental ,BCC Milvia ,"Thursday, July 06, 2023",,,Shop Delivery,Dan/Shop PO's,,
19654,5/2/2022,USA Scaffold Company,Scaffold Labor per Buzz/Tom,Sunnyvale Civic Center,,,,,CE,,
20612,6/5/2024,Valley Gas,Equipment Gas,SFSU,,,,,MS,,
18486,3/2/2021,Velux,Booking PO to furnish material,Hamlin School,"Tuesday, June 29, 2021",,,Shop Delivery,,,
18401,1/28/2021,Vetrotech,Multiple Glazed Systems and shop drawings for Fire Rated Glass,Hamlin School,"Monday, April 19, 2021",,,Shop Delivery,,,
18344,1/14/2021,Viracon,QTY 2 Lites- GL1,Li Ka Shing Berkeley,"Thursday, February 18, 2021",,,Shop Delivery,,,
19091,10/11/2021,Viva Railings,Interior Railings & Smoke Baffle,CSUEB Library,,RECEIVED,,Shop Delivery,,,
20187,,VOID,VOID,VOID,,,,,,,
19823,4/25/2023,Wausau Windows,"WAUSAU windows- W32a x1, W49a x 3",SCB,,,,Shop Delivery,Paul Nasij PO's,,
19707,4/29/2022,west coast wire rope ,1 custom 2 leg cable assembly,901 Cherry ,"Wensday  May 04 ,2022 ",,,Will Call,Dan/Shop PO's,,
20289,7/18/2024,Western Forrest Products (WFP),11 Pieces Stock Lengths being shipped to JBI for Mock Up - Job# 24-0368,SSF Wellness,,,,Jobsite,Greg Sievers PO's,,
19424,2/17/2022,White Cap,QTY 30- 8.5 oz. Tubes- XP22 Epoxy,Ferry Building,"Friday, February 18, 2022",,,Shop Delivery,,,
19974,1/16/2023,Wikk Industries,Qty1 bollard for Existing garage,901 Cherry,,Received,,Shop Delivery,JB,,
18710,5/12/2021,Wiliis,QTY 12 Tubes- Deep Sable Corian,Westfield Eataly,"Wednesday, May 26, 2021",,,Shop Delivery,,,
20656,5/1/2024,Williams Foam ,0,,"Monday, May 13, 2024",,,Shop Delivery,Dan/Shop PO's,,
20286,7/2/2024,Wilson Partitions,(22) KD Frames ; (18) Slider Doors w/ HDWR ; (4) Swing Doors w/ HDWR,McCarthy Office,,,,Shop Delivery,Greg Sievers PO's,,
18404,2/1/2021,Window Tech,QTY 2 Glass Makeups for NFRC Compliance,SFAC,,RECEIVED,,Testing,,,
20695,6/17/2024,Woods Power-grip,QTY 2 locking pins ,SCB,"Monday, June 24, 2024",,,Shop Delivery,Dan/Shop PO's,,
19653,,,,,,,,,CE,,
,,,,,,,,,,,
,,,,,,,,,,,
,,,,,,,,,,,
,,,,,,,,,,,
,,,,,,,,,,,
,,,,,,,,,,,
,,,,,,,,,,,
,,,,,,,,,,,
,,,,,,,,,,,
,,,,,,,,,,,
,,,,,,,,,,,
,,,,,,,,,,,
,,,,,,,,,,,
,,,,,,,,,,,
,,,,,,,,,,,
,,,,,,,,,,,
,,,,,,,,,,,
,,,,,,,,,,,
,,,,,,,,,,,
,,,,,,,,,,,
,,,,,,,,,,,
,,,,,,,,,,,
,,,,,,,,,,,
,,,,,,,,,,,
,,,,,,,,,,,
,,,,,,,,,,,
,,,,,,,,,,,
,,,,,,,,,,,
,,,,,,,,,,,
,,,,,,,,,,,
,,,,,,,,,,,
,,,,,,,,,,,
,,,,,,,,,,,
,,,,,,,,,,,
,,,,,,,,,,,
,,,,,,,,,,,
,,,,,,,,,,,
,,,,,,,,,,,
,,,,,,,,,,,
,,,,,,,,,,,
,,,,,,,,,,,
,,,,,,,,,,,
,,,,,,,,,,,
,,,,,,,,,,,
,,,,,,,,,,,
,,,,,,,,,,,
,,,,,,,,,,,
,,,,,,,,,,,
,,,,,,,,,,,
,,,,,,,,,,,
,,,,,,,,,,,
,,,,,,,,,,,
,,,,,,,,,,,
,,,,,,,,,,,
,,,,,,,,,,,
,,,,,,,,,,,
,,,,,,,,,,,
,,,,,,,,,,,
,,,,,,,,,,,
,,,,,,,,,,,
,,,,,,,,,,,
,,,,,,,,,,,
,,,,,,,,,,,
,,,,,,,,,,,
,,,,,,,,,,,
,,,,,,,,,,,
,,,,,,,,,,,
,,,,,,,,,,,
,,,,,,,,,,,
,,,,,,,,,,,
,,,,,,,,,,,
,,,,,,,,,,,
,,,,,,,,,,,
,,,,,,,,,,,
,,,,,,,,,,,
,,,,,,,,,,,
,,,,,,,,,,,
,,,,,,,,,,,
,,,,,,,,,,,
,,,,,,,,,,,
,,,,,,,,,,,
,,,,,,,,,,,
,,,,,,,,,,,
,,,,,,,,,,,
,,,,,,,,,,,
,,,,,,,,,,,
,,,,,,,,,,,
,,,,,,,,,,,
,,,,,,,,,,,
,,,,,,,,,,,
,,,,,,,,,,,
,,,,,,,,,,,
,,,,,,,,,,,
,,,,,,,,,,,
,,,,,,,,,,,
,,,,,,,,,,,
,,,,,,,,,,,
,,,,,,,,,,,
,,,,,,,,,,,
,,,,,,,,,,,
,,,,,,,,,,,
,,,,,,,,,,,
,,,,,,,,,,,
,,,,,,,,,,,
,,,,,,,,,,,
,,,,,,,,,,,
,,,,,,,,,,,
,,,,,,,,,,,
,,,,,,,,,,,
,,,,,,,,,,,
,,,,,,,,,,,
,,,,,,,,,,,
,,,,,,,,,,,
,,,,,,,,,,,
,,,,,,,,,,,
,,,,,,,,,,,
,,,,,,,,,,,
,,,,,,,,,,,
,,,,,,,,,,,
,,,,,,,,,,,
,,,,,,,,,,,
,,,,,,,,,,,
,,,,,,,,,,,
,,,,,,,,,,,
,,,,,,,,,,,
,,,,,,,,,,,
,,,,,,,,,,,
,,,,,,,,,,,
,,,,,,,,,,,
,,,,,,,,,,,
,,,,,,,,,,,
,,,,,,,,,,,
,,,,,,,,,,,
,,,,,,,,,,,
,,,,,,,,,,,
,,,,,,,,,,,
,,,,,,,,,,,
,,,,,,,,,,,
,,,,,,,,,,,
,,,,,,,,,,,
,,,,,,,,,,,
,,,,,,,,,,,
,,,,,,,,,,,
,,,,,,,,,,,
,,,,,,,,,,,
,,,,,,,,,,,
,,,,,,,,,,,
,,,,,,,,,,,
,,,,,,,,,,,
,,,,,,,,,,,
,,,,,,,,,,,
,,,,,,,,,,,
,,,,,,,,,,,
,,,,,,,,,,,
,,,,,,,,,,,
,,,,,,,,,,,
,,,,,,,,,,,
,,,,,,,,,,,
,,,,,,,,,,,
,,,,,,,,,,,
,,,,,,,,,,,
,,,,,,,,,,,
,,,,,,,,,,,
,,,,,,,,,,,
,,,,,,,,,,,
,,,,,,,,,,,
,,,,,,,,,,,
,,,,,,,,,,,
,,,,,,,,,,,
,,,,,,,,,,,
,,,,,,,,,,,
,,,,,,,,,,,
,,,,,,,,,,,
,,,,,,,,,,,
,,,,,,,,,,,
,,,,,,,,,,,
,,,,,,,,,,,
,,,,,,,,,,,
,,,,,,,,,,,
,,,,,,,,,,,
,,,,,,,,,,,
,,,,,,,,,,,
,,,,,,,,,,,
,,,,,,,,,,,
,,,,,,,,,,,
,,,,,,,,,,,
,,,,,,,,,,,
,,,,,,,,,,,
,,,,,,,,,,,
,,,,,,,,,,,
,,,,,,,,,,,
,,,,,,,,,,,
,,,,,,,,,,,
,,,,,,,,,,,
,,,,,,,,,,,
,,,,,,,,,,,
,,,,,,,,,,,
,,,,,,,,,,,
,,,,,,,,,,,
,,,,,,,,,,,
,,,,,,,,,,,
,,,,,,,,,,,
,,,,,,,,,,,
,,,,,,,,,,,
,,,,,,,,,,,
,,,,,,,,,,,
,,,,,,,,,,,
,,,,,,,,,,,
,,,,,,,,,,,
,,,,,,,,,,,
,,,,,,,,,,,
,,,,,,,,,,,
,,,,,,,,,,,
,,,,,,,,,,,
,,,,,,,,,,,
,,,,,,,,,,,
,,,,,,,,,,,
,,,,,,,,,,,
,,,,,,,,,,,
,,,,,,,,,,,
,,,,,,,,,,,
,,,,,,,,,,,
,,,,,,,,,,,
,,,,,,,,,,,
,,,,,,,,,,,
,,,,,,,,,,,
,,,,,,,,,,,
,,,,,,,,,,,
,,,,,,,,,,,
,,,,,,,,,,,
,,,,,,,,,,,
,,,,,,,,,,,
,,,,,,,,,,,
,,,,,,,,,,,
,,,,,,,,,,,
,,,,,,,,,,,
,,,,,,,,,,,
,,,,,,,,,,,
,,,,,,,,,,,
,,,,,,,,,,,
,,,,,,,,,,,
,,,,,,,,,,,
,,,,,,,,,,,
,,,,,,,,,,,
,,,,,,,,,,,
,,,,,,,,,,,
,,,,,,,,,,,
,,,,,,,,,,,
,,,,,,,,,,,
,,,,,,,,,,,
,,,,,,,,,,,
,,,,,,,,,,,
,,,,,,,,,,,
,,,,,,,,,,,
,,,,,,,,,,,
,,,,,,,,,,,
,,,,,,,,,,,
,,,,,,,,,,,
,,,,,,,,,,,
,,,,,,,,,,,
,,,,,,,,,,,
,,,,,,,,,,,
,,,,,,,,,,,
,,,,,,,,,,,
,,,,,,,,,,,
,,,,,,,,,,,
,,,,,,,,,,,
,,,,,,,,,,,
,,,,,,,,,,,
,,,,,,,,,,,
,,,,,,,,,,,
,,,,,,,,,,,
,,,,,,,,,,,
,,,,,,,,,,,
,,,,,,,,,,,
,,,,,,,,,,,
,,,,,,,,,,,
,,,,,,,,,,,
,,,,,,,,,,,
,,,,,,,,,,,
,,,,,,,,,,,
,,,,,,,,,,,
,,,,,,,,,,,
,,,,,,,,,,,
,,,,,,,,,,,
,,,,,,,,,,,
,,,,,,,,,,,
,,,,,,,,,,,
,,,,,,,,,,,
,,,,,,,,,,,
,,,,,,,,,,,
,,,,,,,,,,,
,,,,,,,,,,,
,,,,,,,,,,,
,,,,,,,,,,,
,,,,,,,,,,,
,,,,,,,,,,,
,,,,,,,,,,,
,,,,,,,,,,,
,,,,,,,,,,,
,,,,,,,,,,,
,,,,,,,,,,,
,,,,,,,,,,,
,,,,,,,,,,,
,,,,,,,,,,,
,,,,,,,,,,,
,,,,,,,,,,,
,,,,,,,,,,,
,,,,,,,,,,,
,,,,,,,,,,,
,,,,,,,,,,,
,,,,,,,,,,,
,,,,,,,,,,,
,,,,,,,,,,,
,,,,,,,,,,,
,,,,,,,,,,,
,,,,,,,,,,,
,,,,,,,,,,,
,,,,,,,,,,,
,,,,,,,,,,,
,,,,,,,,,,,
,,,,,,,,,,,
,,,,,,,,,,,
,,,,,,,,,,,
,,,,,,,,,,,
,,,,,,,,,,,
,,,,,,,,,,,
,,,,,,,,,,,
,,,,,,,,,,,
,,,,,,,,,,,
,,,,,,,,,,,
,,,,,,,,,,,
,,,,,,,,,,,
,,,,,,,,,,,
,,,,,,,,,,,
,,,,,,,,,,,
,,,,,,,,,,,
,,,,,,,,,,,
,,,,,,,,,,,
,,,,,,,,,,,
,,,,,,,,,,,
,,,,,,,,,,,
,,,,,,,,,,,
,,,,,,,,,,,
,,,,,,,,,,,
,,,,,,,,,,,
,,,,,,,,,,,
,,,,,,,,,,,
,,,,,,,,,,,
,,,,,,,,,,,
,,,,,,,,,,,
,,,,,,,,,,,
,,,,,,,,,,,
,,,,,,,,,,,
,,,,,,,,,,,
,,,,,,,,,,,
,,,,,,,,,,,
,,,,,,,,,,,
,,,,,,,,,,,
,,,,,,,,,,,
,,,,,,,,,,,
,,,,,,,,,,,
,,,,,,,,,,,
,,,,,,,,,,,
,,,,,,,,,,,
,,,,,,,,,,,
,,,,,,,,,,,
,,,,,,,,,,,
,,,,,,,,,,,
,,,,,,,,,,,
,,,,,,,,,,,
,,,,,,,,,,,
,,,,,,,,,,,
,,,,,,,,,,,
,,,,,,,,,,,
,,,,,,,,,,,
,,,,,,,,,,,
,,,,,,,,,,,
,,,,,,,,,,,
,,,,,,,,,,,
,,,,,,,,,,,
,,,,,,,,,,,
,,,,,,,,,,,
,,,,,,,,,,,
,,,,,,,,,,,
,,,,,,,,,,,
,,,,,,,,,,,
,,,,,,,,,,,
,,,,,,,,,,,
,,,,,,,,,,,
,,,,,,,,,,,
,,,,,,,,,,,
,,,,,,,,,,,
,,,,,,,,,,,
,,,,,,,,,,,
,,,,,,,,,,,
,,,,,,,,,,,
,,,,,,,,,,,
,,,,,,,,,,,
,,,,,,,,,,,
,,,,,,,,,,,
,,,,,,,,,,,
,,,,,,,,,,,
,,,,,,,,,,,
,,,,,,,,,,,
,,,,,,,,,,,
,,,,,,,,,,,
,,,,,,,,,,,
,,,,,,,,,,,
,,,,,,,,,,,
,,,,,,,,,,,
,,,,,,,,,,,
,,,,,,,,,,,
,,,,,,,,,,,
,,,,,,,,,,,
,,,,,,,,,,,
,,,,,,,,,,,
,,,,,,,,,,,
,,,,,,,,,,,
,,,,,,,,,,,
,,,,,,,,,,,
,,,,,,,,,,,
,,,,,,,,,,,
,,,,,,,,,,,
,,,,,,,,,,,
,,,,,,,,,,,
,,,,,,,,,,,
,,,,,,,,,,,
,,,,,,,,,,,
,,,,,,,,,,,
,,,,,,,,,,,
,,,,,,,,,,,
,,,,,,,,,,,
,,,,,,,,,,,
,,,,,,,,,,,
,,,,,,,,,,,
,,,,,,,,,,,
,,,,,,,,,,,
,,,,,,,,,,,
,,,,,,,,,,,
,,,,,,,,,,,
,,,,,,,,,,,
,,,,,,,,,,,
,,,,,,,,,,,
,,,,,,,,,,,
,,,,,,,,,,,
,,,,,,,,,,,
,,,,,,,,,,,
,,,,,,,,,,,
,,,,,,,,,,,
,,,,,,,,,,,
,,,,,,,,,,,
,,,,,,,,,,,
,,,,,,,,,,,
,,,,,,,,,,,
,,,,,,,,,,,
,,,,,,,,,,,
,,,,,,,,,,,
,,,,,,,,,,,
,,,,,,,,,,,
,,,,,,,,,,,
,,,,,,,,,,,
,,,,,,,,,,,
,,,,,,,,,,,
,,,,,,,,,,,
,,,,,,,,,,,
,,,,,,,,,,,
,,,,,,,,,,,
,,,,,,,,,,,
,,,,,,,,,,,
,,,,,,,,,,,
,,,,,,,,,,,
,,,,,,,,,,,
,,,,,,,,,,,
,,,,,,,,,,,
,,,,,,,,,,,
,,,,,,,,,,,
,,,,,,,,,,,
,,,,,,,,,,,
,,,,,,,,,,,
,,,,,,,,,,,
,,,,,,,,,,,
,,,,,,,,,,,
,,,,,,,,,,,
,,,,,,,,,,,
,,,,,,,,,,,
,,,,,,,,,,,
,,,,,,,,,,,
,,,,,,,,,,,
,,,,,,,,,,,
,,,,,,,,,,,
,,,,,,,,,,,
,,,,,,,,,,,
,,,,,,,,,,,
,,,,,,,,,,,
,,,,,,,,,,,
,,,,,,,,,,,
,,,,,,,,,,,
,,,,,,,,,,,
,,,,,,,,,,,
,,,,,,,,,,,
,,,,,,,,,,,
,,,,,,,,,,,
,,,,,,,,,,,
,,,,,,,,,,,
,,,,,,,,,,,
,,,,,,,,,,,
,,,,,,,,,,,
,,,,,,,,,,,
,,,,,,,,,,,
,,,,,,,,,,,
,,,,,,,,,,,
,,,,,,,,,,,
,,,,,,,,,,,
,,,,,,,,,,,
,,,,,,,,,,,
,,,,,,,,,,,
,,,,,,,,,,,
,,,,,,,,,,,
,,,,,,,,,,,
,,,,,,,,,,,
,,,,,,,,,,,
,,,,,,,,,,,
,,,,,,,,,,,
,,,,,,,,,,,
,,,,,,,,,,,
,,,,,,,,,,,
,,,,,,,,,,,
,,,,,,,,,,,
,,,,,,,,,,,
,,,,,,,,,,,
,,,,,,,,,,,
,,,,,,,,,,,
,,,,,,,,,,,
,,,,,,,,,,,
,,,,,,,,,,,
,,,,,,,,,,,
,,,,,,,,,,,
,,,,,,,,,,,
,,,,,,,,,,,
,,,,,,,,,,,
,,,,,,,,,,,
,,,,,,,,,,,
,,,,,,,,,,,
,,,,,,,,,,,
,,,,,,,,,,,
,,,,,,,,,,,
,,,,,,,,,,,
,,,,,,,,,,,
,,,,,,,,,,,
,,,,,,,,,,,
,,,,,,,,,,,
,,,,,,,,,,,
,,,,,,,,,,,
,,,,,,,,,,,
,,,,,,,,,,,
,,,,,,,,,,,
,,,,,,,,,,,
,,,,,,,,,,,
,,,,,,,,,,,
,,,,,,,,,,,
,,,,,,,,,,,
,,,,,,,,,,,
,,,,,,,,,,,
,,,,,,,,,,,
,,,,,,,,,,,
,,,,,,,,,,,
,,,,,,,,,,,
,,,,,,,,,,,
,,,,,,,,,,,
,,,,,,,,,,,
,,,,,,,,,,,
,,,,,,,,,,,
,,,,,,,,,,,
,,,,,,,,,,,
,,,,,,,,,,,
,,,,,,,,,,,
,,,,,,,,,,,
,,,,,,,,,,,
,,,,,,,,,,,
,,,,,,,,,,,
,,,,,,,,,,,
,,,,,,,,,,,
,,,,,,,,,,,
,,,,,,,,,,,
,,,,,,,,,,,
,,,,,,,,,,,
,,,,,,,,,,,
,,,,,,,,,,,
,,,,,,,,,,,
,,,,,,,,,,,
,,,,,,,,,,,
,,,,,,,,,,,
,,,,,,,,,,,
,,,,,,,,,,,
,,,,,,,,,,,
,,,,,,,,,,,
,,,,,,,,,,,
,,,,,,,,,,,
,,,,,,,,,,,
,,,,,,,,,,,
,,,,,,,,,,,
,,,,,,,,,,,
,,,,,,,,,,,
,,,,,,,,,,,
,,,,,,,,,,,
,,,,,,,,,,,
,,,,,,,,,,,
,,,,,,,,,,,
,,,,,,,,,,,
,,,,,,,,,,,
,,,,,,,,,,,
,,,,,,,,,,,
,,,,,,,,,,,
,,,,,,,,,,,
,,,,,,,,,,,
,,,,,,,,,,,
,,,,,,,,,,,
,,,,,,,,,,,
,,,,,,,,,,,
,,,,,,,,,,,
,,,,,,,,,,,
,,,,,,,,,,,
,,,,,,,,,,,
,,,,,,,,,,,
,,,,,,,,,,,
,,,,,,,,,,,
,,,,,,,,,,,
,,,,,,,,,,,
,,,,,,,,,,,
,,,,,,,,,,,
,,,,,,,,,,,
,,,,,,,,,,,
,,,,,,,,,,,
,,,,,,,,,,,
,,,,,,,,,,,
,,,,,,,,,,,
,,,,,,,,,,,
,,,,,,,,,,,
,,,,,,,,,,,
,,,,,,,,,,,
,,,,,,,,,,,
,,,,,,,,,,,
,,,,,,,,,,,
,,,,,,,,,,,
,,,,,,,,,,,
,,,,,,,,,,,
,,,,,,,,,,,
,,,,,,,,,,,
,,,,,,,,,,,
,,,,,,,,,,,
,,,,,,,,,,,
,,,,,,,,,,,
,,,,,,,,,,,
,,,,,,,,,,,
,,,,,,,,,,,
,,,,,,,,,,,
,,,,,,,,,,,
,,,,,,,,,,,
,,,,,,,,,,,
,,,,,,,,,,,
,,,,,,,,,,,
,,,,,,,,,,,
,,,,,,,,,,,
,,,,,,,,,,,
,,,,,,,,,,,
,,,,,,,,,,,
,,,,,,,,,,,
,,,,,,,,,,,
,,,,,,,,,,,
,,,,,,,,,,,
,,,,,,,,,,,
,,,,,,,,,,,
,,,,,,,,,,,
,,,,,,,,,,,
,,,,,,,,,,,
,,,,,,,,,,,
,,,,,,,,,,,
,,,,,,,,,,,
,,,,,,,,,,,
,,,,,,,,,,,
,,,,,,,,,,,
,,,,,,,,,,,
,,,,,,,,,,,
,,,,,,,,,,,
,,,,,,,,,,,
,,,,,,,,,,,
,,,,,,,,,,,
,,,,,,,,,,,
,,,,,,,,,,,
,,,,,,,,,,,
,,,,,,,,,,,
,,,,,,,,,,,
,,,,,,,,,,,
,,,,,,,,,,,
,,,,,,,,,,,
,,,,,,,,,,,
,,,,,,,,,,,
,,,,,,,,,,,
,,,,,,,,,,,
,,,,,,,,,,,
,,,,,,,,,,,
,,,,,,,,,,,
,,,,,,,,,,,
,,,,,,,,,,,
,,,,,,,,,,,
,,,,,,,,,,,
,,,,,,,,,,,
,,,,,,,,,,,
,,,,,,,,,,,
,,,,,,,,,,,
,,,,,,,,,,,
,,,,,,,,,,,
,,,,,,,,,,,
,,,,,,,,,,,
,,,,,,,,,,,
,,,,,,,,,,,
,,,,,,,,,,,
,,,,,,,,,,,
,,,,,,,,,,,
,,,,,,,,,,,
,,,,,,,,,,,
,,,,,,,,,,,
,,,,,,,,,,,
,,,,,,,,,,,
,,,,,,,,,,,
,,,,,,,,,,,
,,,,,,,,,,,
,,,,,,,,,,,
,,,,,,,,,,,
,,,,,,,,,,,
,,,,,,,,,,,
,,,,,,,,,,,
,,,,,,,,,,,
,,,,,,,,,,,
,,,,,,,,,,,
,,,,,,,,,,,
,,,,,,,,,,,
,,,,,,,,,,,
,,,,,,,,,,,
,,,,,,,,,,,
,,,,,,,,,,,
,,,,,,,,,,,
,,,,,,,,,,,
,,,,,,,,,,,
,,,,,,,,,,,
,,,,,,,,,,,
,,,,,,,,,,,
,,,,,,,,,,,
,,,,,,,,,,,
,,,,,,,,,,,
,,,,,,,,,,,
,,,,,,,,,,,
,,,,,,,,,,,
,,,,,,,,,,,
,,,,,,,,,,,
,,,,,,,,,,,
,,,,,,,,,,,
,,,,,,,,,,,
,,,,,,,,,,,
,,,,,,,,,,,
,,,,,,,,,,,
,,,,,,,,,,,
,,,,,,,,,,,
,,,,,,,,,,,
,,,,,,,,,,,
,,,,,,,,,,,
,,,,,,,,,,,
,,,,,,,,,,,
,,,,,,,,,,,
,,,,,,,,,,,
,,,,,,,,,,,
,,,,,,,,,,,
,,,,,,,,,,,
,,,,,,,,,,,
,,,,,,,,,,,
,,,,,,,,,,,
,,,,,,,,,,,
,,,,,,,,,,,
,,,,,,,,,,,
,,,,,,,,,,,
,,,,,,,,,,,
,,,,,,,,,,,
,,,,,,,,,,,
,,,,,,,,,,,
,,,,,,,,,,,
,,,,,,,,,,,
,,,,,,,,,,,
,,,,,,,,,,,
,,,,,,,,,,,
,,,,,,,,,,,
,,,,,,,,,,,
,,,,,,,,,,,
,,,,,,,,,,,
,,,,,,,,,,,
,,,,,,,,,,,
,,,,,,,,,,,
,,,,,,,,,,,
,,,,,,,,,,,
,,,,,,,,,,,
,,,,,,,,,,,
,,,,,,,,,,,
,,,,,,,,,,,
,,,,,,,,,,,
,,,,,,,,,,,
,,,,,,,,,,,
,,,,,,,,,,,
,,,,,,,,,,,
,,,,,,,,,,,
,,,,,,,,,,,
,,,,,,,,,,,
,,,,,,,,,,,
,,,,,,,,,,,
,,,,,,,,,,,
,,,,,,,,,,,
,,,,,,,,,,,
,,,,,,,,,,,
,,,,,,,,,,,
,,,,,,,,,,,
,,,,,,,,,,,
,,,,,,,,,,,
,,,,,,,,,,,
,,,,,,,,,,,
,,,,,,,,,,,
,,,,,,,,,,,
,,,,,,,,,,,
,,,,,,,,,,,
,,,,,,,,,,,
,,,,,,,,,,,
,,,,,,,,,,,
,,,,,,,,,,,
,,,,,,,,,,,
,,,,,,,,,,,
,,,,,,,,,,,
,,,,,,,,,,,
,,,,,,,,,,,
,,,,,,,,,,,
,,,,,,,,,,,
,,,,,,,,,,,
,,,,,,,,,,,
,,,,,,,,,,,
,,,,,,,,,,,
,,,,,,,,,,,
,,,,,,,,,,,
,,,,,,,,,,,
,,,,,,,,,,,
,,,,,,,,,,,
,,,,,,,,,,,
,,,,,,,,,,,
,,,,,,,,,,,
,,,,,,,,,,,
,,,,,,,,,,,
,,,,,,,,,,,
,,,,,,,,,,,
,,,,,,,,,,,
,,,,,,,,,,,
,,,,,,,,,,,
,,,,,,,,,,,
,,,,,,,,,,,
,,,,,,,,,,,
,,,,,,,,,,,
,,,,,,,,,,,
,,,,,,,,,,,
,,,,,,,,,,,
,,,,,,,,,,,
,,,,,,,,,,,
,,,,,,,,,,,
,,,,,,,,,,,
,,,,,,,,,,,
,,,,,,,,,,,
,,,,,,,,,,,
,,,,,,,,,,,
,,,,,,,,,,,
,,,,,,,,,,,
,,,,,,,,,,,
,,,,,,,,,,,
,,,,,,,,,,,
,,,,,,,,,,,
,,,,,,,,,,,
,,,,,,,,,,,
,,,,,,,,,,,
,,,,,,,,,,,
,,,,,,,,,,,
,,,,,,,,,,,
,,,,,,,,,,,
,,,,,,,,,,,
,,,,,,,,,,,
,,,,,,,,,,,
,,,,,,,,,,,
,,,,,,,,,,,
,,,,,,,,,,,
,,,,,,,,,,,
,,,,,,,,,,,
,,,,,,,,,,,
,,,,,,,,,,,
,,,,,,,,,,,
,,,,,,,,,,,
,,,,,,,,,,,
,,,,,,,,,,,
,,,,,,,,,,,
,,,,,,,,,,,
,,,,,,,,,,,
,,,,,,,,,,,
,,,,,,,,,,,
,,,,,,,,,,,
,,,,,,,,,,,
,,,,,,,,,,,
,,,,,,,,,,,
,,,,,,,,,,,
,,,,,,,,,,,
,,,,,,,,,,,
,,,,,,,,,,,
,,,,,,,,,,,
,,,,,,,,,,,
,,,,,,,,,,,
,,,,,,,,,,,
,,,,,,,,,,,
,,,,,,,,,,,
,,,,,,,,,,,
,,,,,,,,,,,
,,,,,,,,,,,
,,,,,,,,,,,
,,,,,,,,,,,
,,,,,,,,,,,
,,,,,,,,,,,
,,,,,,,,,,,
,,,,,,,,,,,
,,,,,,,,,,,
,,,,,,,,,,,
,,,,,,,,,,,
,,,,,,,,,,,
,,,,,,,,,,,
,,,,,,,,,,,
,,,,,,,,,,,
,,,,,,,,,,,
,,,,,,,,,,,
,,,,,,,,,,,
,,,,,,,,,,,
,,,,,,,,,,,
,,,,,,,,,,,
,,,,,,,,,,,
,,,,,,,,,,,
,,,,,,,,,,,
,,,,,,,,,,,
,,,,,,,,,,,
,,,,,,,,,,,
,,,,,,,,,,,
,,,,,,,,,,,
,,,,,,,,,,,
,,,,,,,,,,,
,,,,,,,,,,,
,,,,,,,,,,,
,,,,,,,,,,,
,,,,,,,,,,,
,,,,,,,,,,,
,,,,,,,,,,,
,,,,,,,,,,,
,,,,,,,,,,,
,,,,,,,,,,,
,,,,,,,,,,,
,,,,,,,,,,,
,,,,,,,,,,,
,,,,,,,,,,,
,,,,,,,,,,,
,,,,,,,,,,,
,,,,,,,,,,,
,,,,,,,,,,,
,,,,,,,,,,,
,,,,,,,,,,,
,,,,,,,,,,,
,,,,,,,,,,,
,,,,,,,,,,,
,,,,,,,,,,,
,,,,,,,,,,,
,,,,,,,,,,,
,,,,,,,,,,,
,,,,,,,,,,,
,,,,,,,,,,,
,,,,,,,,,,,
,,,,,,,,,,,
,,,,,,,,,,,
,,,,,,,,,,,
,,,,,,,,,,,
,,,,,,,,,,,
,,,,,,,,,,,
,,,,,,,,,,,
,,,,,,,,,,,
,,,,,,,,,,,
,,,,,,,,,,,
,,,,,,,,,,,
,,,,,,,,,,,
,,,,,,,,,,,
,,,,,,,,,,,
,,,,,,,,,,,
,,,,,,,,,,,
,,,,,,,,,,,
,,,,,,,,,,,
,,,,,,,,,,,
,,,,,,,,,,,
,,,,,,,,,,,
,,,,,,,,,,,
,,,,,,,,,,,
,,,,,,,,,,,
,,,,,,,,,,,
,,,,,,,,,,,
,,,,,,,,,,,
,,,,,,,,,,,
,,,,,,,,,,,
,,,,,,,,,,,
,,,,,,,,,,,
,,,,,,,,,,,
,,,,,,,,,,,
,,,,,,,,,,,
,,,,,,,,,,,
,,,,,,,,,,,
,,,,,,,,,,,
,,,,,,,,,,,
,,,,,,,,,,,
,,,,,,,,,,,
,,,,,,,,,,,
,,,,,,,,,,,
,,,,,,,,,,,
,,,,,,,,,,,
,,,,,,,,,,,
,,,,,,,,,,,
,,,,,,,,,,,
,,,,,,,,,,,
,,,,,,,,,,,
,,,,,,,,,,,
,,,,,,,,,,,
,,,,,,,,,,,
,,,,,,,,,,,
,,,,,,,,,,,
,,,,,,,,,,,
,,,,,,,,,,,
,,,,,,,,,,,
,,,,,,,,,,,
,,,,,,,,,,,
,,,,,,,,,,,
,,,,,,,,,,,
,,,,,,,,,,,
,,,,,,,,,,,
,,,,,,,,,,,
,,,,,,,,,,,
,,,,,,,,,,,
,,,,,,,,,,,
,,,,,,,,,,,
,,,,,,,,,,,
,,,,,,,,,,,
,,,,,,,,,,,
,,,,,,,,,,,
,,,,,,,,,,,
,,,,,,,,,,,
,,,,,,,,,,,
,,,,,,,,,,,
,,,,,,,,,,,
,,,,,,,,,,,
,,,,,,,,,,,
,,,,,,,,,,,
,,,,,,,,,,,
,,,,,,,,,,,
,,,,,,,,,,,
,,,,,,,,,,,
,,,,,,,,,,,
,,,,,,,,,,,
,,,,,,,,,,,
,,,,,,,,,,,
,,,,,,,,,,,
,,,,,,,,,,,
,,,,,,,,,,,
,,,,,,,,,,,
,,,,,,,,,,,
,,,,,,,,,,,
,,,,,,,,,,,
,,,,,,,,,,,
,,,,,,,,,,,
,,,,,,,,,,,
,,,,,,,,,,,
,,,,,,,,,,,
,,,,,,,,,,,
,,,,,,,,,,,
,,,,,,,,,,,
,,,,,,,,,,,
,,,,,,,,,,,
,,,,,,,,,,,
,,,,,,,,,,,
,,,,,,,,,,,
,,,,,,,,,,,
,,,,,,,,,,,
,,,,,,,,,,,
,,,,,,,,,,,
,,,,,,,,,,,
,,,,,,,,,,,
,,,,,,,,,,,
,,,,,,,,,,,
,,,,,,,,,,,
,,,,,,,,,,,
,,,,,,,,,,,
,,,,,,,,,,,
,,,,,,,,,,,
,,,,,,,,,,,
,,,,,,,,,,,
,,,,,,,,,,,
,,,,,,,,,,,
,,,,,,,,,,,
,,,,,,,,,,,
,,,,,,,,,,,
,,,,,,,,,,,
,,,,,,,,,,,
,,,,,,,,,,,
,,,,,,,,,,,
,,,,,,,,,,,
,,,,,,,,,,,
,,,,,,,,,,,
,,,,,,,,,,,
,,,,,,,,,,,
,,,,,,,,,,,
,,,,,,,,,,,
,,,,,,,,,,,
,,,,,,,,,,,
,,,,,,,,,,,
,,,,,,,,,,,
,,,,,,,,,,,
,,,,,,,,,,,
,,,,,,,,,,,
,,,,,,,,,,,
,,,,,,,,,,,
,,,,,,,,,,,
,,,,,,,,,,,
,,,,,,,,,,,
,,,,,,,,,,,
,,,,,,,,,,,
,,,,,,,,,,,
,,,,,,,,,,,
,,,,,,,,,,,
,,,,,,,,,,,
,,,,,,,,,,,
,,,,,,,,,,,
,,,,,,,,,,,
,,,,,,,,,,,
,,,,,,,,,,,
,,,,,,,,,,,
,,,,,,,,,,,
,,,,,,,,,,,
,,,,,,,,,,,
,,,,,,,,,,,
,,,,,,,,,,,
,,,,,,,,,,,
,,,,,,,,,,,
,,,,,,,,,,,
,,,,,,,,,,,
,,,,,,,,,,,
,,,,,,,,,,,
,,,,,,,,,,,
,,,,,,,,,,,
,,,,,,,,,,,
,,,,,,,,,,,
,,,,,,,,,,,
,,,,,,,,,,,
,,,,,,,,,,,
,,,,,,,,,,,
,,,,,,,,,,,
,,,,,,,,,,,
,,,,,,,,,,,
,,,,,,,,,,,
,,,,,,,,,,,
,,,,,,,,,,,
,,,,,,,,,,,
,,,,,,,,,,,
,,,,,,,,,,,
,,,,,,,,,,,
,,,,,,,,,,,
,,,,,,,,,,,
,,,,,,,,,,,
,,,,,,,,,,,
,,,,,,,,,,,
,,,,,,,,,,,
,,,,,,,,,,,
,,,,,,,,,,,
,,,,,,,,,,,
,,,,,,,,,,,
,,,,,,,,,,,
,,,,,,,,,,,
,,,,,,,,,,,
,,,,,,,,,,,
,,,,,,,,,,,
,,,,,,,,,,,
,,,,,,,,,,,
,,,,,,,,,,,
,,,,,,,,,,,
,,,,,,,,,,,
,,,,,,,,,,,
,,,,,,,,,,,
,,,,,,,,,,,
,,,,,,,,,,,
,,,,,,,,,,,
,,,,,,,,,,,
,,,,,,,,,,,
,,,,,,,,,,,
,,,,,,,,,,,
,,,,,,,,,,,
,,,,,,,,,,,
,,,,,,,,,,,
,,,,,,,,,,,
,,,,,,,,,,,
,,,,,,,,,,,
,,,,,,,,,,,
,,,,,,,,,,,
,,,,,,,,,,,
,,,,,,,,,,,
,,,,,,,,,,,
,,,,,,,,,,,
,,,,,,,,,,,
,,,,,,,,,,,
,,,,,,,,,,,
,,,,,,,,,,,
,,,,,,,,,,,
,,,,,,,,,,,
,,,,,,,,,,,
,,,,,,,,,,,
,,,,,,,,,,,
,,,,,,,,,,,
,,,,,,,,,,,
,,,,,,,,,,,
,,,,,,,,,,,
,,,,,,,,,,,
,,,,,,,,,,,
,,,,,,,,,,,
,,,,,,,,,,,
,,,,,,,,,,,
,,,,,,,,,,,
,,,,,,,,,,,
,,,,,,,,,,,
,,,,,,,,,,,
,,,,,,,,,,,
,,,,,,,,,,,
,,,,,,,,,,,
,,,,,,,,,,,
,,,,,,,,,,,
,,,,,,,,,,,
,,,,,,,,,,,
,,,,,,,,,,,
,,,,,,,,,,,
,,,,,,,,,,,
,,,,,,,,,,,
,,,,,,,,,,,
,,,,,,,,,,,
,,,,,,,,,,,
,,,,,,,,,,,
,,,,,,,,,,,
,,,,,,,,,,,
,,,,,,,,,,,
,,,,,,,,,,,
,,,,,,,,,,,
,,,,,,,,,,,
,,,,,,,,,,,
,,,,,,,,,,,
,,,,,,,,,,,
,,,,,,,,,,,
,,,,,,,,,,,
,,,,,,,,,,,
,,,,,,,,,,,
,,,,,,,,,,,
,,,,,,,,,,,
,,,,,,,,,,,
,,,,,,,,,,,
,,,,,,,,,,,
,,,,,,,,,,,
,,,,,,,,,,,
,,,,,,,,,,,
,,,,,,,,,,,
,,,,,,,,,,,
,,,,,,,,,,,
,,,,,,,,,,,
,,,,,,,,,,,
,,,,,,,,,,,
,,,,,,,,,,,
,,,,,,,,,,,
,,,,,,,,,,,
,,,,,,,,,,,
,,,,,,,,,,,
,,,,,,,,,,,
,,,,,,,,,,,
,,,,,,,,,,,
,,,,,,,,,,,
,,,,,,,,,,,
,,,,,,,,,,,
,,,,,,,,,,,
,,,,,,,,,,,
,,,,,,,,,,,
,,,,,,,,,,,
,,,,,,,,,,,
,,,,,,,,,,,
,,,,,,,,,,,
,,,,,,,,,,,
,,,,,,,,,,,
,,,,,,,,,,,
,,,,,,,,,,,
,,,,,,,,,,,
,,,,,,,,,,,
,,,,,,,,,,,
,,,,,,,,,,,
,,,,,,,,,,,
,,,,,,,,,,,
,,,,,,,,,,,
,,,,,,,,,,,
,,,,,,,,,,,
,,,,,,,,,,,
,,,,,,,,,,,
,,,,,,,,,,,
,,,,,,,,,,,
,,,,,,,,,,,
,,,,,,,,,,,
,,,,,,,,,,,
,,,,,,,,,,,
,,,,,,,,,,,
,,,,,,,,,,,
,,,,,,,,,,,
,,,,,,,,,,,
,,,,,,,,,,,
,,,,,,,,,,,
,,,,,,,,,,,
,,,,,,,,,,,
,,,,,,,,,,,
,,,,,,,,,,,
,,,,,,,,,,,
,,,,,,,,,,,
,,,,,,,,,,,
,,,,,,,,,,,
,,,,,,,,,,,
,,,,,,,,,,,
,,,,,,,,,,,
,,,,,,,,,,,
,,,,,,,,,,,
,,,,,,,,,,,
,,,,,,,,,,,
,,,,,,,,,,,
,,,,,,,,,,,
,,,,,,,,,,,
,,,,,,,,,,,
,,,,,,,,,,,
,,,,,,,,,,,
,,,,,,,,,,,
,,,,,,,,,,,
,,,,,,,,,,,
,,,,,,,,,,,
,,,,,,,,,,,
,,,,,,,,,,,
,,,,,,,,,,,
,,,,,,,,,,,
,,,,,,,,,,,
,,,,,,,,,,,
,,,,,,,,,,,
,,,,,,,,,,,
,,,,,,,,,,,
,,,,,,,,,,,
,,,,,,,,,,,
,,,,,,,,,,,
,,,,,,,,,,,
,,,,,,,,,,,
,,,,,,,,,,,
,,,,,,,,,,,
,,,,,,,,,,,
,,,,,,,,,,,
,,,,,,,,,,,
,,,,,,,,,,,
,,,,,,,,,,,
,,,,,,,,,,,
,,,,,,,,,,,
,,,,,,,,,,,
,,,,,,,,,,,
,,,,,,,,,,,
,,,,,,,,,,,
,,,,,,,,,,,
,,,,,,,,,,,
,,,,,,,,,,,
,,,,,,,,,,,
,,,,,,,,,,,
,,,,,,,,,,,
,,,,,,,,,,,
,,,,,,,,,,,
,,,,,,,,,,,
,,,,,,,,,,,
,,,,,,,,,,,
,,,,,,,,,,,
,,,,,,,,,,,
,,,,,,,,,,,
,,,,,,,,,,,
,,,,,,,,,,,
,,,,,,,,,,,
,,,,,,,,,,,
,,,,,,,,,,,
,,,,,,,,,,,
,,,,,,,,,,,
,,,,,,,,,,,
,,,,,,,,,,,
,,,,,,,,,,,
,,,,,,,,,,,
,,,,,,,,,,,
,,,,,,,,,,,
,,,,,,,,,,,
,,,,,,,,,,,
,,,,,,,,,,,
,,,,,,,,,,,
,,,,,,,,,,,
,,,,,,,,,,,
,,,,,,,,,,,
,,,,,,,,,,,
,,,,,,,,,,,
,,,,,,,,,,,
,,,,,,,,,,,
,,,,,,,,,,,
,,,,,,,,,,,
,,,,,,,,,,,
,,,,,,,,,,,
,,,,,,,,,,,
,,,,,,,,,,,
,,,,,,,,,,,
,,,,,,,,,,,
,,,,,,,,,,,
,,,,,,,,,,,
,,,,,,,,,,,
,,,,,,,,,,,
,,,,,,,,,,,
,,,,,,,,,,,
,,,,,,,,,,,
,,,,,,,,,,,
,,,,,,,,,,,
,,,,,,,,,,,
,,,,,,,,,,,
,,,,,,,,,,,
,,,,,,,,,,,
,,,,,,,,,,,
,,,,,,,,,,,
,,,,,,,,,,,
,,,,,,,,,,,
,,,,,,,,,,,
,,,,,,,,,,,
,,,,,,,,,,,
,,,,,,,,,,,
,,,,,,,,,,,
,,,,,,,,,,,
,,,,,,,,,,,
,,,,,,,,,,,
,,,,,,,,,,,
,,,,,,,,,,,
,,,,,,,,,,,
,,,,,,,,,,,
,,,,,,,,,,,
,,,,,,,,,,,
,,,,,,,,,,,
,,,,,,,,,,,
,,,,,,,,,,,
,,,,,,,,,,,
,,,,,,,,,,,
,,,,,,,,,,,
,,,,,,,,,,,
,,,,,,,,,,,
,,,,,,,,,,,
,,,,,,,,,,,
,,,,,,,,,,,
,,,,,,,,,,,
,,,,,,,,,,,
,,,,,,,,,,,
,,,,,,,,,,,
,,,,,,,,,,,
,,,,,,,,,,,
,,,,,,,,,,,
,,,,,,,,,,,
,,,,,,,,,,,
,,,,,,,,,,,
,,,,,,,,,,,
,,,,,,,,,,,
,,,,,,,,,,,
,,,,,,,,,,,
,,,,,,,,,,,
,,,,,,,,,,,
,,,,,,,,,,,
,,,,,,,,,,,
,,,,,,,,,,,
,,,,,,,,,,,
,,,,,,,,,,,
,,,,,,,,,,,
,,,,,,,,,,,
,,,,,,,,,,,
,,,,,,,,,,,
,,,,,,,,,,,
,,,,,,,,,,,
,,,,,,,,,,,
,,,,,,,,,,,
,,,,,,,,,,,
,,,,,,,,,,,
,,,,,,,,,,,
,,,,,,,,,,,
,,,,,,,,,,,
,,,,,,,,,,,
,,,,,,,,,,,
,,,,,,,,,,,
,,,,,,,,,,,
,,,,,,,,,,,
,,,,,,,,,,,
,,,,,,,,,,,
,,,,,,,,,,,
,,,,,,,,,,,
,,,,,,,,,,,
,,,,,,,,,,,
,,,,,,,,,,,
,,,,,,,,,,,
,,,,,,,,,,,
,,,,,,,,,,,
,,,,,,,,,,,
,,,,,,,,,,,
,,,,,,,,,,,
,,,,,,,,,,,
,,,,,,,,,,,
,,,,,,,,,,,
,,,,,,,,,,,
,,,,,,,,,,,
,,,,,,,,,,,
,,,,,,,,,,,
,,,,,,,,,,,
,,,,,,,,,,,
,,,,,,,,,,,
,,,,,,,,,,,
,,,,,,,,,,,
,,,,,,,,,,,
,,,,,,,,,,,
,,,,,,,,,,,
,,,,,,,,,,,
,,,,,,,,,,,
,,,,,,,,,,,
,,,,,,,,,,,
,,,,,,,,,,,
,,,,,,,,,,,
,,,,,,,,,,,
,,,,,,,,,,,
,,,,,,,,,,,
,,,,,,,,,,,
,,,,,,,,,,,
,,,,,,,,,,,
,,,,,,,,,,,
,,,,,,,,,,,
,,,,,,,,,,,
,,,,,,,,,,,
,,,,,,,,,,,
,,,,,,,,,,,
,,,,,,,,,,,
,,,,,,,,,,,
,,,,,,,,,,,
,,,,,,,,,,,
,,,,,,,,,,,
,,,,,,,,,,,
,,,,,,,,,,,
,,,,,,,,,,,
,,,,,,,,,,,
,,,,,,,,,,,
,,,,,,,,,,,
,,,,,,,,,,,
,,,,,,,,,,,
,,,,,,,,,,,
,,,,,,,,,,,
,,,,,,,,,,,
,,,,,,,,,,,
,,,,,,,,,,,
,,,,,,,,,,,
,,,,,,,,,,,
,,,,,,,,,,,
,,,,,,,,,,,
,,,,,,,,,,,
,,,,,,,,,,,
,,,,,,,,,,,
,,,,,,,,,,,
,,,,,,,,,,,
,,,,,,,,,,,
,,,,,,,,,,,
,,,,,,,,,,,
,,,,,,,,,,,
,,,,,,,,,,,
,,,,,,,,,,,
,,,,,,,,,,,
,,,,,,,,,,,
,,,,,,,,,,,
,,,,,,,,,,,
,,,,,,,,,,,
,,,,,,,,,,,
,,,,,,,,,,,
,,,,,,,,,,,
,,,,,,,,,,,
,,,,,,,,,,,
,,,,,,,,,,,
,,,,,,,,,,,
,,,,,,,,,,,
,,,,,,,,,,,
,,,,,,,,,,,
,,,,,,,,,,,
,,,,,,,,,,,
,,,,,,,,,,,
,,,,,,,,,,,
,,,,,,,,,,,
,,,,,,,,,,,
,,,,,,,,,,,
,,,,,,,,,,,
,,,,,,,,,,,
,,,,,,,,,,,
,,,,,,,,,,,
,,,,,,,,,,,
,,,,,,,,,,,
,,,,,,,,,,,
,,,,,,,,,,,
,,,,,,,,,,,
,,,,,,,,,,,
,,,,,,,,,,,
,,,,,,,,,,,
,,,,,,,,,,,
,,,,,,,,,,,
,,,,,,,,,,,
,,,,,,,,,,,
,,,,,,,,,,,
,,,,,,,,,,,
,,,,,,,,,,,
,,,,,,,,,,,
,,,,,,,,,,,
,,,,,,,,,,,
,,,,,,,,,,,
,,,,,,,,,,,
,,,,,,,,,,,
,,,,,,,,,,,
,,,,,,,,,,,
,,,,,,,,,,,
,,,,,,,,,,,
,,,,,,,,,,,
,,,,,,,,,,,
,,,,,,,,,,,
,,,,,,,,,,,
,,,,,,,,,,,
,,,,,,,,,,,
,,,,,,,,,,,
,,,,,,,,,,,
,,,,,,,,,,,
,,,,,,,,,,,
,,,,,,,,,,,
,,,,,,,,,,,
,,,,,,,,,,,
,,,,,,,,,,,
,,,,,,,,,,,
,,,,,,,,,,,
,,,,,,,,,,,
,,,,,,,,,,,
,,,,,,,,,,,
,,,,,,,,,,,
,,,,,,,,,,,
,,,,,,,,,,,
,,,,,,,,,,,
,,,,,,,,,,,
,,,,,,,,,,,
,,,,,,,,,,,
,,,,,,,,,,,
,,,,,,,,,,,
,,,,,,,,,,,
,,,,,,,,,,,
,,,,,,,,,,,
,,,,,,,,,,,
,,,,,,,,,,,
,,,,,,,,,,,
,,,,,,,,,,,
,,,,,,,,,,,
,,,,,,,,,,,
,,,,,,,,,,,
,,,,,,,,,,,
,,,,,,,,,,,
,,,,,,,,,,,
,,,,,,,,,,,
,,,,,,,,,,,
,,,,,,,,,,,
,,,,,,,,,,,
,,,,,,,,,,,
,,,,,,,,,,,
,,,,,,,,,,,
,,,,,,,,,,,
,,,,,,,,,,,
,,,,,,,,,,,
,,,,,,,,,,,
,,,,,,,,,,,
,,,,,,,,,,,
,,,,,,,,,,,
,,,,,,,,,,,
,,,,,,,,,,,
,,,,,,,,,,,
,,,,,,,,,,,
,,,,,,,,,,,
,,,,,,,,,,,
,,,,,,,,,,,
,,,,,,,,,,,
,,,,,,,,,,,
,,,,,,,,,,,
,,,,,,,,,,,
,,,,,,,,,,,
,,,,,,,,,,,
,,,,,,,,,,,
,,,,,,,,,,,
,,,,,,,,,,,
,,,,,,,,,,,
,,,,,,,,,,,
,,,,,,,,,,,
,,,,,,,,,,,
,,,,,,,,,,,
,,,,,,,,,,,
,,,,,,,,,,,
,,,,,,,,,,,
,,,,,,,,,,,
,,,,,,,,,,,
,,,,,,,,,,,
,,,,,,,,,,,
,,,,,,,,,,,
,,,,,,,,,,,
,,,,,,,,,,,
,,,,,,,,,,,
,,,,,,,,,,,
,,,,,,,,,,,
,,,,,,,,,,,
,,,,,,,,,,,
,,,,,,,,,,,
,,,,,,,,,,,
,,,,,,,,,,,
,,,,,,,,,,,
,,,,,,,,,,,
,,,,,,,,,,,
,,,,,,,,,,,
,,,,,,,,,,,
,,,,,,,,,,,
,,,,,,,,,,,
,,,,,,,,,,,
,,,,,,,,,,,
,,,,,,,,,,,
,,,,,,,,,,,
,,,,,,,,,,,
,,,,,,,,,,,
,,,,,,,,,,,
,,,,,,,,,,,
,,,,,,,,,,,
,,,,,,,,,,,
,,,,,,,,,,,
,,,,,,,,,,,
,,,,,,,,,,,
,,,,,,,,,,,
,,,,,,,,,,,
,,,,,,,,,,,
,,,,,,,,,,,
,,,,,,,,,,,
,,,,,,,,,,,
,,,,,,,,,,,
,,,,,,,,,,,
,,,,,,,,,,,
,,,,,,,,,,,
,,,,,,,,,,,
,,,,,,,,,,,
,,,,,,,,,,,
,,,,,,,,,,,
,,,,,,,,,,,
,,,,,,,,,,,
,,,,,,,,,,,
,,,,,,,,,,,
,,,,,,,,,,,
,,,,,,,,,,,
,,,,,,,,,,,
,,,,,,,,,,,
,,,,,,,,,,,
,,,,,,,,,,,
,,,,,,,,,,,
,,,,,,,,,,,
,,,,,,,,,,,
,,,,,,,,,,,
,,,,,,,,,,,
,,,,,,,,,,,
,,,,,,,,,,,
,,,,,,,,,,,
,,,,,,,,,,,
,,,,,,,,,,,
,,,,,,,,,,,
,,,,,,,,,,,
,,,,,,,,,,,
,,,,,,,,,,,
,,,,,,,,,,,
,,,,,,,,,,,
,,,,,,,,,,,
,,,,,,,,,,,
,,,,,,,,,,,
,,,,,,,,,,,
,,,,,,,,,,,
,,,,,,,,,,,
,,,,,,,,,,,
,,,,,,,,,,,
,,,,,,,,,,,
,,,,,,,,,,,
,,,,,,,,,,,
,,,,,,,,,,,
,,,,,,,,,,,
,,,,,,,,,,,
,,,,,,,,,,,
,,,,,,,,,,,
,,,,,,,,,,,
,,,,,,,,,,,
,,,,,,,,,,,
,,,,,,,,,,,
,,,,,,,,,,,
,,,,,,,,,,,
,,,,,,,,,,,
,,,,,,,,,,,
,,,,,,,,,,,
,,,,,,,,,,,
,,,,,,,,,,,
,,,,,,,,,,,
,,,,,,,,,,,
,,,,,,,,,,,
,,,,,,,,,,,
,,,,,,,,,,,
,,,,,,,,,,,
,,,,,,,,,,,
,,,,,,,,,,,
,,,,,,,,,,,
,,,,,,,,,,,
,,,,,,,,,,,
,,,,,,,,,,,
,,,,,,,,,,,
,,,,,,,,,,,
,,,,,,,,,,,
,,,,,,,,,,,/
,,,,,,,,,,,
,,,,,,,,,,,
,,,,,,,,,,,
,,,,,,,,,,,
,,,,,,,,,,,
,,,,,,,,,,,
,,,,,,,,,,,
,,,,,,,,,,,
,,,,,,,,,,,
,,,,,,,,,,,
,,,,,,,,,,,
,,,,,,,,,,,
,,,,,,,,,,,
,,,,,,,,,,,
,,,,,,,,,,,
,,,,,,,,,,,
,,,,,,,,,,,
,,,,,,,,,,,
,,,,,,,,,,,
,,,,,,,,,,,
,,,,,,,,,,,
,,,,,,,,,,,
,,,,,,,,,,,
,,,,,,,,,,,
,,,,,,,,,,,
,,,,,,,,,,,
,,,,,,,,,,,
,,,,,,,,,,,
,,,,,,,,,,,
,,,,,,,,,,,
,,,,,,,,,,,
,,,,,,,,,,,
,,,,,,,,,,,
,,,,,,,,,,,
,,,,,,,,,,,
,,,,,,,,,,,
,,,,,,,,,,,
,,,,,,,,,,,
,,,,,,,,,,,
,,,,,,,,,,,
,,,,,,,,,,,
,,,,,,,,,,,
,,,,,,,,,,,
,,,,,,,,,,,
,,,,,,,,,,,
,,,,,,,,,,,
,,,,,,,,,,,
,,,,,,,,,,,
,,,,,,,,,,,
,,,,,,,,,,,
,,,,,,,,,,,
,,,,,,,,,,,
,,,,,,,,,,,
,,,,,,,,,,,
,,,,,,,,,,,
,,,,,,,,,,,
,,,,,,,,,,,
,,,,,,,,,,,
,,,,,,,,,,,
,,,,,,,,,,,
,,,,,,,,,,,
,,,,,,,,,,,
,,,,,,,,,,,
,,,,,,,,,,,
,,,,,,,,,,,
,,,,,,,,,,,
,,,,,,,,,,,
,,,,,,,,,,,
,,,,,,,,,,,
,,,,,,,,,,,
,,,,,,,,,,,
,,,,,,,,,,,
,,,,,,,,,,,
,,,,,,,,,,,
,,,,,,,,,,,
,,,,,,,,,,,
,,,,,,,,,,,
,,,,,,,,,,,
,,,,,,,,,,,
,,,,,,,,,,,
,,,,,,,,,,,
,,,,,,,,,,,
,,,,,,,,,,,
,,,,,,,,,,,
,,,,,,,,,,,
,,,,,,,,,,,
,,,,,,,,,,,
,,,,,,,,,,,
,,,,,,,,,,,
,,,,,,,,,,,
,,,,,,,,,,,
,,,,,,,,,,,
,,,,,,,,,,,
,,,,,,,,,,,
,,,,,,,,,,,
,,,,,,,,,,,
,,,,,,,,,,,
,,,,,,,,,,,
,,,,,,,,,,,
,,,,,,,,,,,
,,,,,,,,,,,
,,,,,,,,,,,
,,,,,,,,,,,
,,,,,,,,,,,
,,,,,,,,,,,
,,,,,,,,,,,
,,,,,,,,,,,
,,,,,,,,,,,
,,,,,,,,,,,
,,,,,,,,,,,
,,,,,,,,,,,
,,,,,,,,,,,
,,,,,,,,,,,
,,,,,,,,,,,
,,,,,,,,,,,
,,,,,,,,,,,
,,,,,,,,,,,
,,,,,,,,,,,
,,,,,,,,,,,
,,,,,,,,,,,
,,,,,,,,,,,
,,,,,,,,,,,
,,,,,,,,,,,
,,,,,,,,,,,
,,,,,,,,,,,
,,,,,,,,,,,
,,,,,,,,,,,
,,,,,,,,,,,
,,,,,,,,,,,
,,,,,,,,,,,
,,,,,,,,,,,
,,,,,,,,,,,
,,,,,,,,,,,
,,,,,,,,,,,
,,,,,,,,,,,
,,,,,,,,,,,
,,,,,,,,,,,
,,,,,,,,,,,
,,,,,,,,,,,
,,,,,,,,,,,
,,,,,,,,,,,
,,,,,,,,,,,
,,,,,,,,,,,
,,,,,,,,,,,
,,,,,,,,,,,
,,,,,,,,,,,
,,,,,,,,,,,
,,,,,,,,,,,
,,,,,,,,,,,
,,,,,,,,,,,
,,,,,,,,,,,
,,,,,,,,,,,
,,,,,,,,,,,
,,,,,,,,,,,
,,,,,,,,,,,
,,,,,,,,,,,
,,,,,,,,,,,
,,,,,,,,,,,
,,,,,,,,,,,
,,,,,,,,,,,
,,,,,,,,,,,
,,,,,,,,,,,
,,,,,,,,,,,
,,,,,,,,,,,
,,,,,,,,,,,
,,,,,,,,,,,
,,,,,,,,,,,
,,,,,,,,,,,
,,,,,,,,,,,
,,,,,,,,,,,
,,,,,,,,,,,
,,,,,,,,,,,
,,,,,,,,,,,
,,,,,,,,,,,
,,,,,,,,,,,
,,,,,,,,,,,
,,,,,,,,,,,
,,,,,,,,,,,
,,,,,,,,,,,
,,,,,,,,,,,
,,,,,,,,,,,
,,,,,,,,,,,
,,,,,,,,,,,
,,,,,,,,,,,
,,,,,,,,,,,
,,,,,,,,,,,
,,,,,,,,,,,
,,,,,,,,,,,
,,,,,,,,,,,
,,,,,,,,,,,
,,,,,,,,,,,
,,,,,,,,,,,
,,,,,,,,,,,
,,,,,,,,,,,
,,,,,,,,,,,
,,,,,,,,,,,
,,,,,,,,,,,
,,,,,,,,,,,
,,,,,,,,,,,
,,,,,,,,,,,
,,,,,,,,,,,
,,,,,,,,,,,
,,,,,,,,,,,
,,,,,,,,,,,
,,,,,,,,,,,
,,,,,,,,,,,
,,,,,,,,,,,
,,,,,,,,,,,
,,,,,,,,,,,
,,,,,,,,,,,
,,,,,,,,,,,
,,,,,,,,,,,
,,,,,,,,,,,
,,,,,,,,,,,
,,,,,,,,,,,
,,,,,,,,,,,
,,,,,,,,,,,
,,,,,,,,,,,
,,,,,,,,,,,
,,,,,,,,,,,
,,,,,,,,,,,
,,,,,,,,,,,
,,,,,,,,,,,
,,,,,,,,,,,
,,,,,,,,,,,
,,,,,,,,,,,
,,,,,,,,,,,
,,,,,,,,,,,
,,,,,,,,,,,
,,,,,,,,,,,
,,,,,,,,,,,
,,,,,,,,,,,
,,,,,,,,,,,
,,,,,,,,,,,
,,,,,,,,,,,
,,,,,,,,,,,
,,,,,,,,,,,
,,,,,,,,,,,
,,,,,,,,,,,
,,,,,,,,,,,
,,,,,,,,,,,
,,,,,,,,,,,
,,,,,,,,,,,
,,,,,,,,,,,
,,,,,,,,,,,
,,,,,,,,,,,
,,,,,,,,,,,
,,,,,,,,,,,
,,,,,,,,,,,
,,,,,,,,,,,
,,,,,,,,,,,
,,,,,,,,,,,
,,,,,,,,,,,
,,,,,,,,,,,
,,,,,,,,,,,
,,,,,,,,,,,
,,,,,,,,,,,
,,,,,,,,,,,
,,,,,,,,,,,
,,,,,,,,,,,
,,,,,,,,,,,
,,,,,,,,,,,
,,,,,,,,,,,
,,,,,,,,,,,
,,,,,,,,,,,
,,,,,,,,,,,
,,,,,,,,,,,
,,,,,,,,,,,
,,,,,,,,,,,
,,,,,,,,,,,
,,,,,,,,,,,
,,,,,,,,,,,
,,,,,,,,,,,
,,,,,,,,,,,
,,,,,,,,,,,
,,,,,,,,,,,
,,,,,,,,,,,
,,,,,,,,,,,
,,,,,,,,,,,
,,,,,,,,,,,
,,,,,,,,,,,
,,,,,,,,,,,
,,,,,,,,,,,
,,,,,,,,,,,
,,,,,,,,,,,
,,,,,,,,,,,
,,,,,,,,,,,
,,,,,,,,,,,
,,,,,,,,,,,
,,,,,,,,,,,
,,,,,,,,,,,
,,,,,,,,,,,
,,,,,,,,,,,
,,,,,,,,,,,
,,,,,,,,,,,
,,,,,,,,,,,
,,,,,,,,,,,
,,,,,,,,,,,
,,,,,,,,,,,
,,,,,,,,,,,
,,,,,,,,,,,
,,,,,,,,,,,
,,,,,,,,,,,
,,,,,,,,,,,
,,,,,,,,,,,
,,,,,,,,,,,
,,,,,,,,,,,
,,,,,,,,,,,
,,,,,,,,,,,
,,,,,,,,,,,
,,,,,,,,,,,
,,,,,,,,,,,
,,,,,,,,,,,
,,,,,,,,,,,
,,,,,,,,,,,
,,,,,,,,,,,
,,,,,,,,,,,
,,,,,,,,,,,
,,,,,,,,,,,
,,,,,,,,,,,
,,,,,,,,,,,
,,,,,,,,,,,
,,,,,,,,,,,
,,,,,,,,,,,
,,,,,,,,,,,
,,,,,,,,,,,
,,,,,,,,,,,
,,,,,,,,,,,
,,,,,,,,,,,
,,,,,,,,,,,
,,,,,,,,,,,
,,,,,,,,,,,
,,,,,,,,,,,
,,,,,,,,,,,
,,,,,,,,,,,
,,,,,,,,,,,
,,,,,,,,,,,
,,,,,,,,,,,
,,,,,,,,,,,
,,,,,,,,,,,
,,,,,,,,,,,
,,,,,,,,,,,
,,,,,,,,,,,
,,,,,,,,,,,
,,,,,,,,,,,
,,,,,,,,,,,
,,,,,,,,,,,
,,,,,,,,,,,
,,,,,,,,,,,
,,,,,,,,,,,
,,,,,,,,,,,
,,,,,,,,,,,
,,,,,,,,,,,
,,,,,,,,,,,
,,,,,,,,,,,
,,,,,,,,,,,
,,,,,,,,,,,
,,,,,,,,,,,
,,,,,,,,,,,
,,,,,,,,,,,
,,,,,,,,,,,
,,,,,,,,,,,
,,,,,,,,,,,
,,,,,,,,,,,
,,,,,,,,,,,
,,,,,,,,,,,
,,,,,,,,,,,
,,,,,,,,,,,
,,,,,,,,,,,
,,,,,,,,,,,
,,,,,,,,,,,
,,,,,,,,,,,
,,,,,,,,,,,
,,,,,,,,,,,
,,,,,,,,,,,
,,,,,,,,,,,
,,,,,,,,,,,
,,,,,,,,,,,
,,,,,,,,,,,
,,,,,,,,,,,
,,,,,,,,,,,
,,,,,,,,,,,
,,,,,,,,,,,
,,,,,,,,,,,
,,,,,,,,,,,
,,,,,,,,,,,
,,,,,,,,,,,
,,,,,,,,,,,
,,,,,,,,,,,
,,,,,,,,,,,
,,,,,,,,,,,
,,,,,,,,,,,
,,,,,,,,,,,
,,,,,,,,,,,
,,,,,,,,,,,
,,,,,,,,,,,
,,,,,,,,,,,
,,,,,,,,,,,
,,,,,,,,,,,
,,,,,,,,,,,
,,,,,,,,,,,
,,,,,,,,,,,
,,,,,,,,,,,
,,,,,,,,,,,
,,,,,,,,,,,
,,,,,,,,,,,
,,,,,,,,,,,
,,,,,,,,,,,
,,,,,,,,,,,
,,,,,,,,,,,
,,,,,,,,,,,
,,,,,,,,,,,
,,,,,,,,,,,
,,,,,,,,,,,
,,,,,,,,,,,
,,,,,,,,,,,
,,,,,,,,,,,
,,,,,,,,,,,
,,,,,,,,,,,
,,,,,,,,,,,
,,,,,,,,,,,
,,,,,,,,,,,
,,,,,,,,,,,
,,,,,,,,,,,
,,,,,,,,,,,
,,,,,,,,,,,
,,,,,,,,,,,
,,,,,,,,,,,
,,,,,,,,,,,
,,,,,,,,,,,
,,,,,,,,,,,
,,,,,,,,,,,
,,,,,,,,,,,
,,,,,,,,,,,
,,,,,,,,,,,
,,,,,,,,,,,
,,,,,,,,,,,
,,,,,,,,,,,
,,,,,,,,,,,
,,,,,,,,,,,
,,,,,,,,,,,
,,,,,,,,,,,
,,,,,,,,,,,
,,,,,,,,,,,
,,,,,,,,,,,
,,,,,,,,,,,
,,,,,,,,,,,
,,,,,,,,,,,
,,,,,,,,,,,
,,,,,,,,,,,
,,,,,,,,,,,
,,,,,,,,,,,
,,,,,,,,,,,
,,,,,,,,,,,
,,,,,,,,,,,
,,,,,,,,,,,
,,,,,,,,,,,
,,,,,,,,,,,
,,,,,,,,,,,
,,,,,,,,,,,
,,,,,,,,,,,
,,,,,,,,,,,
,,,,,,,,,,,
,,,,,,,,,,,
,,,,,,,,,,,
,,,,,,,,,,,
,,,,,,,,,,,
,,,,,,,,,,,
,,,,,,,,,,,
,,,,,,,,,,,
,,,,,,,,,,,
,,,,,,,,,,,
,,,,,,,,,,,
,,,,,,,,,,,
,,,,,,,,,,,
,,,,,,,,,,,
,,,,,,,,,,,
,,,,,,,,,,,
,,,,,,,,,,,
,,,,,,,,,,,
,,,,,,,,,,,
,,,,,,,,,,,
,,,,,,,,,,,
,,,,,,,,,,,
,,,,,,,,,,,
,,,,,,,,,,,
,,,,,,,,,,,
,,,,,,,,,,,
,,,,,,,,,,,
,,,,,,,,,,,
,,,,,,,,,,,
,,,,,,,,,,,
,,,,,,,,,,,
,,,,,,,,,,,
,,,,,,,,,,,
,,,,,,,,,,,
,,,,,,,,,,,
,,,,,,,,,,,
,,,,,,,,,,,
,,,,,,,,,,,
,,,,,,,,,,,
,,,,,,,,,,,
,,,,,,,,,,,
,,,,,,,,,,,
,,,,,,,,,,,
,,,,,,,,,,,
,,,,,,,,,,,
,,,,,,,,,,,
,,,,,,,,,,,
,,,,,,,,,,,
,,,,,,,,,,,
,,,,,,,,,,,
,,,,,,,,,,,
,,,,,,,,,,,
,,,,,,,,,,,
,,,,,,,,,,,
,,,,,,,,,,,
,,,,,,,,,,,
,,,,,,,,,,,
,,,,,,,,,,,
,,,,,,,,,,,
,,,,,,,,,,,
,,,,,,,,,,,
,,,,,,,,,,,
,,,,,,,,,,,
,,,,,,,,,,,
,,,,,,,,,,,
,,,,,,,,,,,
,,,,,,,,,,,
,,,,,,,,,,,
,,,,,,,,,,,
,,,,,,,,,,,
,,,,,,,,,,,
,,,,,,,,,,,
,,,,,,,,,,,
,,,,,,,,,,,
,,,,,,,,,,,
,,,,,,,,,,,
,,,,,,,,,,,
,,,,,,,,,,,
,,,,,,,,,,,
,,,,,,,,,,,
,,,,,,,,,,,
,,,,,,,,,,,
,,,,,,,,,,,
,,,,,,,,,,,
,,,,,,,,,,,
,,,,,,,,,,,
,,,,,,,,,,,
,,,,,,,,,,,
,,,,,,,,,,,
,,,,,,,,,,,
,,,,,,,,,,,
,,,,,,,,,,,
,,,,,,,,,,,
,,,,,,,,,,,
,,,,,,,,,,,
,,,,,,,,,,,
,,,,,,,,,,,
,,,,,,,,,,,
,,,,,,,,,,,
,,,,,,,,,,,
,,,,,,,,,,,
,,,,,,,,,,,
,,,,,,,,,,,
,,,,,,,,,,,
,,,,,,,,,,,
,,,,,,,,,,,
,,,,,,,,,,,
,,,,,,,,,,,
,,,,,,,,,,,
,,,,,,,,,,,
,,,,,,,,,,,
,,,,,,,,,,,
,,,,,,,,,,,
,,,,,,,,,,,
,,,,,,,,,,,
,,,,,,,,,,,
,,,,,,,,,,,
,,,,,,,,,,,
,,,,,,,,,,,
,,,,,,,,,,,
,,,,,,,,,,,
,,,,,,,,,,,
,,,,,,,,,,,
,,,,,,,,,,,
,,,,,,,,,,,
,,,,,,,,,,,
,,,,,,,,,,,
,,,,,,,,,,,
,,,,,,,,,,,
,,,,,,,,,,,
,,,,,,,,,,,
,,,,,,,,,,,
,,,,,,,,,,,
,,,,,,,,,,,
,,,,,,,,,,,
,,,,,,,,,,,
,,,,,,,,,,,
,,,,,,,,,,,
,,,,,,,,,,,
,,,,,,,,,,,
,,,,,,,,,,,
,,,,,,,,,,,
,,,,,,,,,,,
,,,,,,,,,,,
,,,,,,,,,,,
,,,,,,,,,,,
,,,,,,,,,,,
,,,,,,,,,,,
,,,,,,,,,,,
,,,,,,,,,,,
,,,,,,,,,,,
,,,,,,,,,,,
,,,,,,,,,,,
,,,,,,,,,,,
,,,,,,,,,,,
,,,,,,,,,,,
,,,,,,,,,,,
,,,,,,,,,,,
,,,,,,,,,,,
,,,,,,,,,,,
,,,,,,,,,,,
,,,,,,,,,,,
,,,,,,,,,,,
,,,,,,,,,,,
,,,,,,,,,,,
,,,,,,,,,,,
,,,,,,,,,,,
,,,,,,,,,,,
,,,,,,,,,,,
,,,,,,,,,,,
,,,,,,,,,,,
,,,,,,,,,,,
,,,,,,,,,,,
,,,,,,,,,,,
,,,,,,,,,,,
,,,,,,,,,,,
,,,,,,,,,,,
,,,,,,,,,,,
,,,,,,,,,,,
,,,,,,,,,,,
,,,,,,,,,,,
,,,,,,,,,,,
,,,,,,,,,,,
,,,,,,,,,,,
,,,,,,,,,,,
,,,,,,,,,,,
,,,,,,,,,,,
,,,,,,,,,,,
,,,,,,,,,,,
,,,,,,,,,,,
,,,,,,,,,,,
,,,,,,,,,,,
,,,,,,,,,,,
,,,,,,,,,,,
,,,,,,,,,,,
,,,,,,,,,,,
,,,,,,,,,,,
,,,,,,,,,,,
,,,,,,,,,,,
,,,,,,,,,,,
,,,,,,,,,,,
,,,,,,,,,,,
,,,,,,,,,,,
,,,,,,,,,,,
,,,,,,,,,,,
,,,,,,,,,,,
,,,,,,,,,,,
,,,,,,,,,,,
,,,,,,,,,,,
,,,,,,,,,,,
,,,,,,,,,,,
,,,,,,,,,,,
,,,,,,,,,,,
,,,,,,,,,,,
,,,,,,,,,,,
,,,,,,,,,,,
,,,,,,,,,,,
,,,,,,,,,,,
,,,,,,,,,,,
,,,,,,,,,,,
,,,,,,,,,,,
,,,,,,,,,,,
,,,,,,,,,,,
,,,,,,,,,,,
,,,,,,,,,,,
,,,,,,,,,,,
,,,,,,,,,,,
,,,,,,,,,,,
,,,,,,,,,,,
,,,,,,,,,,,
,,,,,,,,,,,
,,,,,,,,,,,
,,,,,,,,,,,
,,,,,,,,,,,
,,,,,,,,,,,
,,,,,,,,,,,
,,,,,,,,,,,
,,,,,,,,,,,
,,,,,,,,,,,
,,,,,,,,,,,
,,,,,,,,,,,
,,,,,,,,,,,
,,,,,,,,,,,
,,,,,,,,,,,
,,,,,,,,,,,
,,,,,,,,,,,
,,,,,,,,,,,
,,,,,,,,,,,
,,,,,,,,,,,
,,,,,,,,,,,
,,,,,,,,,,,
,,,,,,,,,,,
,,,,,,,,,,,
,,,,,,,,,,,
,,,,,,,,,,,
,,,,,,,,,,,
,,,,,,,,,,,
,,,,,,,,,,,
,,,,,,,,,,,
,,,,,,,,,,,
,,,,,,,,,,,
,,,,,,,,,,,
,,,,,,,,,,,
,,,,,,,,,,,
,,,,,,,,,,,
,,,,,,,,,,,
,,,,,,,,,,,
,,,,,,,,,,,
,,,,,,,,,,,
,,,,,,,,,,,
,,,,,,,,,,,
,,,,,,,,,,,
,,,,,,,,,,,
,,,,,,,,,,,
,,,,,,,,,,,
,,,,,,,,,,,
,,,,,,,,,,,
,,,,,,,,,,,
,,,,,,,,,,,
,,,,,,,,,,,
,,,,,,,,,,,
,,,,,,,,,,,
,,,,,,,,,,,
,,,,,,,,,,,
,,,,,,,,,,,
,,,,,,,,,,,
,,,,,,,,,,,
,,,,,,,,,,,
,,,,,,,,,,,
,,,,,,,,,,,
,,,,,,,,,,,
,,,,,,,,,,,
,,,,,,,,,,,
,,,,,,,,,,,
,,,,,,,,,,,
,,,,,,,,,,,
,,,,,,,,,,,
,,,,,,,,,,,
,,,,,,,,,,,
,,,,,,,,,,,
,,,,,,,,,,,
,,,,,,,,,,,
,,,,,,,,,,,
,,,,,,,,,,,
,,,,,,,,,,,
,,,,,,,,,,,
,,,,,,,,,,,
,,,,,,,,,,,
,,,,,,,,,,,
,,,,,,,,,,,
,,,,,,,,,,,
,,,,,,,,,,,
,,,,,,,,,,,
,,,,,,,,,,,
,,,,,,,,,,,
,,,,,,,,,,,
,,,,,,,,,,,
,,,,,,,,,,,
,,,,,,,,,,,
,,,,,,,,,,,
,,,,,,,,,,,
,,,,,,,,,,,
,,,,,,,,,,,
,,,,,,,,,,,
,,,,,,,,,,,
,,,,,,,,,,,
,,,,,,,,,,,
,,,,,,,,,,,
,,,,,,,,,,,
,,,,,,,,,,,
,,,,,,,,,,,
,,,,,,,,,,,
,,,,,,,,,,,
,,,,,,,,,,,
,,,,,,,,,,,
,,,,,,,,,,,
,,,,,,,,,,,
,,,,,,,,,,,
,,,,,,,,,,,
,,,,,,,,,,,
,,,,,,,,,,,
,,,,,,,,,,,
,,,,,,,,,,,
,,,,,,,,,,,
,,,,,,,,,,,
,,,,,,,,,,,
,,,,,,,,,,,
,,,,,,,,,,,
,,,,,,,,,,,
,,,,,,,,,,,
,,,,,,,,,,,
,,,,,,,,,,,
21176,,,,,,,,,,,
21177,,,,,,,,,,,
21178,,,,,,,,,,,
21179,,,,,,,,,,,
21180,,,,,,,,,,,
21181,,,,,,,,,,,
21182,,,,,,,,,,,
21183,,,,,,,,,,,
21184,,,,,,,,,,,
21185,,,,,,,,,,,
21186,,,,,,,,,,,
21187,,,,,,,,,,,
21188,,,,,,,,,,,
21189,,,,,,,,,,,
21190,,,,,,,,,,,
21191,,,,,,,,,,,
21192,,,,,,,,,,,
21193,,,,,,,,,,,
21194,,,,,,,,,,,
21195,,,,,,,,,,,
21196,,,,,,,,,,,
21197,,,,,,,,,,,
21198,,,,,,,,,,,
21199,,,,,,,,,,,
21200,,,,,,,,,,,
21201,,,,,,,,,,,
21202,,,,,,,,,,,
21203,,,,,,,,,,,
21204,,,,,,,,,,,
21205,,,,,,,,,,,
21206,,,,,,,,,,,
21207,,,,,,,,,,,
21208,,,,,,,,,,,
21209,,,,,,,,,,,
21210,,,,,,,,,,,
21211,,,,,,,,,,,
21212,,,,,,,,,,,
21213,,,,,,,,,,,
21214,,,,,,,,,,,
21215,,,,,,,,,,,
21216,,,,,,,,,,,
21217,,,,,,,,,,,
21218,,,,,,,,,,,
21219,,,,,,,,,,,
21220,,,,,,,,,,,
21221,,,,,,,,,,,
21222,,,,,,,,,,,
21223,,,,,,,,,,,
21224,,,,,,,,,,,
21225,,,,,,,,,,,
21226,,,,,,,,,,,
21227,,,,,,,,,,,
21228,,,,,,,,,,,
21229,,,,,,,,,,,
21230,,,,,,,,,,,
21231,,,,,,,,,,,
21232,,,,,,,,,,,
21233,,,,,,,,,,,
21234,,,,,,,,,,,
21235,,,,,,,,,,,
21236,,,,,,,,,,,
21237,,,,,,,,,,,
21238,,,,,,,,,,,
21239,,,,,,,,,,,
21240,,,,,,,,,,,
21241,,,,,,,,,,,
21242,,,,,,,,,,,
21243,,,,,,,,,,,
21244,,,,,,,,,,,
21245,,,,,,,,,,,
21246,,,,,,,,,,,
21247,,,,,,,,,,,
21248,,,,,,,,,,,
21249,,,,,,,,,,,
21250,,,,,,,,,,,
21251,,,,,,,,,,,
21252,,,,,,,,,,,
21253,,,,,,,,,,,
21254,,,,,,,,,,,
21255,,,,,,,,,,,
21256,,,,,,,,,,,
21257,,,,,,,,,,,
21258,,,,,,,,,,,
21259,,,,,,,,,,,
21260,,,,,,,,,,,
21261,,,,,,,,,,,
21262,,,,,,,,,,,
21263,,,,,,,,,,,
21264,,,,,,,,,,,
21265,,,,,,,,,,,
21266,,,,,,,,,,,
21267,,,,,,,,,,,
21268,,,,,,,,,,,
21269,,,,,,,,,,,
21270,,,,,,,,,,,
21271,,,,,,,,,,,
21272,,,,,,,,,,,
21273,,,,,,,,,,,
21274,,,,,,,,,,,
21275,,,,,,,,,,,
21276,,,,,,,,,,,
21277,,,,,,,,,,,
21278,,,,,,,,,,,
21279,,,,,,,,,,,
21280,,,,,,,,,,,
21281,,,,,,,,,,,
21282,,,,,,,,,,,
21283,,,,,,,,,,,
21284,,,,,,,,,,,
21285,,,,,,,,,,,
21286,,,,,,,,,,,
21287,,,,,,,,,,,
21288,,,,,,,,,,,
21289,,,,,,,,,,,
21290,,,,,,,,,,,
21291,,,,,,,,,,,
21292,,,,,,,,,,,
21293,,,,,,,,,,,
21294,,,,,,,,,,,
21295,,,,,,,,,,,
21296,,,,,,,,,,,
21297,,,,,,,,,,,
21298,,,,,,,,,,,
21299,,,,,,,,,,,
21300,,,,,,,,,,,
21301,,,,,,,,,,,
21302,,,,,,,,,,,
21303,,,,,,,,,,,
21304,,,,,,,,,,,
21305,,,,,,,,,,,
21306,,,,,,,,,,,
21307,,,,,,,,,,,
21308,,,,,,,,,,,
21309,,,,,,,,,,,
21310,,,,,,,,,,,
21311,,,,,,,,,,,
21312,,,,,,,,,,,
21313,,,,,,,,,,,
21314,,,,,,,,,,,
21315,,,,,,,,,,,
21316,,,,,,,,,,,
21317,,,,,,,,,,,
21318,,,,,,,,,,,
21319,,,,,,,,,,,
21320,,,,,,,,,,,
21321,,,,,,,,,,,
21322,,,,,,,,,,,
21323,,,,,,,,,,,
21324,,,,,,,,,,,
21325,,,,,,,,,,,
21326,,,,,,,,,,,
21327,,,,,,,,,,,
21328,,,,,,,,,,,
21329,,,,,,,,,,,
21330,,,,,,,,,,,
21331,,,,,,,,,,,
21332,,,,,,,,,,,
21333,,,,,,,,,,,
21334,,,,,,,,,,,
21335,,,,,,,,,,,
21336,,,,,,,,,,,
21337,,,,,,,,,,,
21338,,,,,,,,,,,
21339,,,,,,,,,,,
21340,,,,,,,,,,,
21341,,,,,,,,,,,
21342,,,,,,,,,,,
21343,,,,,,,,,,,
21344,,,,,,,,,,,
21345,,,,,,,,,,,
21346,,,,,,,,,,,
21347,,,,,,,,,,,
21348,,,,,,,,,,,
21349,,,,,,,,,,,
21350,,,,,,,,,,,
21351,,,,,,,,,,,
21352,,,,,,,,,,,
21353,,,,,,,,,,,
21354,,,,,,,,,,,
21355,,,,,,,,,,,
21356,,,,,,,,,,,
21357,,,,,,,,,,,
21358,,,,,,,,,,,
21359,,,,,,,,,,,
21360,,,,,,,,,,,
21361,,,,,,,,,,,
21362,,,,,,,,,,,
21363,,,,,,,,,,,
21364,,,,,,,,,,,
21365,,,,,,,,,,,
21366,,,,,,,,,,,
21367,,,,,,,,,,,
21368,,,,,,,,,,,
21369,,,,,,,,,,,
21370,,,,,,,,,,,
21371,,,,,,,,,,,
21372,,,,,,,,,,,
21373,,,,,,,,,,,
21374,,,,,,,,,,,
21375,,,,,,,,,,,
21376,,,,,,,,,,,
21377,,,,,,,,,,,
21378,,,,,,,,,,,
21379,,,,,,,,,,,
21380,,,,,,,,,,,
21381,,,,,,,,,,,
21382,,,,,,,,,,,
21383,,,,,,,,,,,
21384,,,,,,,,,,,
21385,,,,,,,,,,,
21386,,,,,,,,,,,
21387,,,,,,,,,,,
21388,,,,,,,,,,,
21389,,,,,,,,,,,
21390,,,,,,,,,,,
21391,,,,,,,,,,,
21392,,,,,,,,,,,
21393,,,,,,,,,,,
21394,,,,,,,,,,,
21395,,,,,,,,,,,
21396,,,,,,,,,,,
21397,,,,,,,,,,,
21398,,,,,,,,,,,
21399,,,,,,,,,,,
21400,,,,,,,,,,,
21401,,,,,,,,,,,
21402,,,,,,,,,,,
21403,,,,,,,,,,,
21404,,,,,,,,,,,
21405,,,,,,,,,,,
21406,,,,,,,,,,,
21407,,,,,,,,,,,
21408,,,,,,,,,,,
21409,,,,,,,,,,,
21410,,,,,,,,,,,
21411,,,,,,,,,,,
21412,,,,,,,,,,,
21413,,,,,,,,,,,
21414,,,,,,,,,,,
21415,,,,,,,,,,,
21416,,,,,,,,,,,
21417,,,,,,,,,,,
21418,,,,,,,,,,,
21419,,,,,,,,,,,
21420,,,,,,,,,,,
21421,,,,,,,,,,,
21422,,,,,,,,,,,
21423,,,,,,,,,,,
21424,,,,,,,,,,,
21425,,,,,,,,,,,
21426,,,,,,,,,,,
21427,,,,,,,,,,,
21428,,,,,,,,,,,
21429,,,,,,,,,,,
21430,,,,,,,,,,,
21431,,,,,,,,,,,
21432,,,,,,,,,,,
21433,,,,,,,,,,,
